Workbook

Sheet Çalışan Listesi
A1: SİCİL | B1: İSİM SOYİSİM | C1: İŞE GİRİŞ TARİHİ | D1: ORGANİZASYON BİRİMİ | E1: POZİSYON | F1: İŞ | G1: KADEME
A2: 12 | B2: COŞKUN TEKİNASLAN | C2: 33434 | D2: Kısa Elyaf | E2: İhsarat Grup Lideri | F2: GRUP LİDERİ | G2: SÜPERVİZÖR
A3: 15 | B3: MURAT MENTEŞOĞLU | C3: 33451 | D3: Üretim | E3: Üretim Ekip Lideri | F3: ŞEF LİDER | G3: EKİP LİDERİ
A4: 39 | B4: ŞAHİN ŞAHİN | C4: 42954 | D4: Mekanik Bakım | E4: Bakım Ekip Lideri | F4: ŞEF LİDER | G4: EKİP LİDERİ
A5: 42 | B5: ARGÜN KAPLAN | C5: 33569 | D5: Lojistik | E5: Yükleme Boşaltma Opr. (Hammadde) | F5: OPERATÖR | G5: 4.KADEME
A6: 49 | B6: RAMAZAN BALCI | C6: 35760 | D6: Kısa Elyaf | E6: İhsarat Grup Lideri | F6: GRUP LİDERİ | G6: SÜPERVİZÖR
A7: 52 | B7: YAVUZ YILMAM | C7: 35962 | D7: Kısa Elyaf | E7: Ring Bobin Setup Operatörü | F7: OPERATÖR | G7: 3.KADEME
A8: 57 | B8: MUHAMMED GÜMÜŞ | C8: 35485 | D8: Mekanik Bakım | E8: Mekanik Bakım Takım Lideri Yardımcısı | F8: TAKIM LİDERİ YARDIMCISI | G8: 3.KADEME
A9: 64 | B9: MAHMUT MENTEŞ | C9: 34506 | D9: Enerji Bakım | E9: Bakım Ekip Lideri | F9: ŞEF LİDER | G9: EKİP LİDERİ
A10: 72 | B10: MEHMET KÖSE | C10: 36074 | D10: Kısa Elyaf | E10: Makine Temizlik Takım Lideri | F10: TAKIM LİDERİ | G10: 4.KADEME
A11: 73 | B11: VEYSAL DURMUŞ | C11: 34745 | D11: Kısa Elyaf | E11: Ring Bobin Setup Operatörü | F11: OPERATÖR | G11: 3.KADEME
A12: 74 | B12: AKIN ÖZTÜRK | C12: 34771 | D12: Mekanik Bakım | E12: Bakım Ekip Lideri | F12: ŞEF LİDER | G12: EKİP LİDERİ
A13: 79 | B13: AHMET YÖRÜK | C13: 34916 | D13: Kısa Elyaf | E13: İhsarat Grup Lideri | F13: GRUP LİDERİ | G13: SÜPERVİZÖR
... A322: 5372 | B322: SÜLEYMAN DUMAN | C322: 44662 | D322: Ortak İşlemler | E322: Mix Press-Pamuk Hattı Balya Açma Opr | F322: OPERATÖR | G322: 1.KADEME

Sheet Kriter Ağırlık
A1: Kriter | B1: Ağırlık
A2: Kaizen | B2: 0.12 | C2: 0.5
A3: Hata Kartı | B3: 0.1
A4: Bölüm 5S | B4: 0.08
A5: Devamsızlık | B5: 0.1
A6: ISG | B6: 0.1
A7: OEE | B7: 0.35 | C7: 0.5
A8: Telef | B8: 0.15
A11: KIDEM SEVİYESİ | E11: KADEME SEVİYESİ
A12: Personel Kıdem Seviyesi | B12: Personel | C12: Katsayı | E12: Personel Kıdem Seviyesi | F12: Personel | G12: Katsayı
A13: 1 | B13: Şef Müdür | C13: 0 | E13: 1 | F13: KADEME YOK | G13: 1
A14: 2 | B14: Grup Lideri | C14: 0 | E14: 2 | F14: 4.KADEME | G14: 1.232 | K14: =C17/C16 -> 1.3703704
A15: 3 | B15: Takım Lideri | C15: 0 | E15: 3 | F15: 3.KADEME | G15: 1.15
A16: 4 | B16: TL Yardımcı | C16: 13.5 | E16: 4 | F16: 2.KADEME | G16: 1.077
A17: 5 | B17: Operatör | C17: 18.5 | E17: 5 | F17: 1.KADEME | G17: 1
E18: 6 | F18: En 4.Kademe | G18: 1.287
E19: 7 | F19: En 3.Kademe | G19: 1.19
E20: 8 | F20: En 2.Kademe | G20: 1
E21: 9 | F21: En 1.Kademe | G21: 1
E22: 10 | F22: Mek 3.Kademe | G22: 1.378
E23: 11 | F23: Mek 2.Kademe | G23: 1.157
E24: 12 | F24: Mek 1.Kademe | G24: 1

Sheet Devamsızlıklar
A1: SICIL | B1: ADI SOYADI | C1: AMELİYAT | D1: COVİD | E1: DOĞUM | F1: ARA TOPLAM | G1: ORAN | H1: DEVAMSIZLIK | I1: HASTA | J1: İŞ KAZASI | K1: ÜCRETSİZ İZİN | L1: TOPLAM | M1: TOPLAM ORAN | N1: İŞTEKİ GÜN SAYISI
A2: 64 | B2: MAHMUT MENTEŞ | F2: =C2+D2+E2 -> 0 | G2: =F2/90 -> 0 | I2: 5 | L2: =C2+D2+E2+H2+I2+J2+K2 -> 5 | M2: =(N2-L2)/N2 -> 0.94444444 | N2: =IFERROR(VLOOKUP(A2,Sonuç!A:D,4,1),0) -> 90
A3: 73 | B3: VEYSAL DURMUŞ | D3: 6 | F3: =C3+D3+E3 -> 6 | G3: =F3/90 -> 0.066666667 | L3: =C3+D3+E3+H3+I3+J3+K3 -> 6 | M3: =(N3-L3)/N3 -> 0.93333333 | N3: =IFERROR(VLOOKUP(A3,Sonuç!A:D,4,1),0) -> 90
A4: 88 | B4: HAŞİM BAŞARAN | D4: 7 | F4: =C4+D4+E4 -> 7 | G4: =F4/90 -> 0.077777778 | L4: =C4+D4+E4+H4+I4+J4+K4 -> 7 | M4: =(N4-L4)/N4 -> 0.92222222 | N4: =IFERROR(VLOOKUP(A4,Sonuç!A:D,4,1),0) -> 90
A5: 104 | B5: HÜDAİ ELİUZ | F5: =C5+D5+E5 -> 0 | G5: =F5/90 -> 0 | I5: 7 | L5: =C5+D5+E5+H5+I5+J5+K5 -> 7 | M5: =(N5-L5)/N5 -> 0.92222222 | N5: =IFERROR(VLOOKUP(A5,Sonuç!A:D,4,1),0) -> 90
A6: 108 | B6: MUSTAFA EMREM | D6: 6 | F6: =C6+D6+E6 -> 6 | G6: =F6/90 -> 0.066666667 | L6: =C6+D6+E6+H6+I6+J6+K6 -> 6 | M6: =(N6-L6)/N6 -> 0.93333333 | N6: =IFERROR(VLOOKUP(A6,Sonuç!A:D,4,1),0) -> 90
A7: 112 | B7: ALİ DİNGER | D7: 7 | F7: =C7+D7+E7 -> 7 | G7: =F7/90 -> 0.077777778 | L7: =C7+D7+E7+H7+I7+J7+K7 -> 7 | M7: =(N7-L7)/N7 -> 0.92222222 | N7: =IFERROR(VLOOKUP(A7,Sonuç!A:D,4,1),0) -> 90
A8: 125 | B8: RAMAZAN ÖZDEMİR | D8: 7 | F8: =C8+D8+E8 -> 7 | G8: =F8/90 -> 0.077777778 | L8: =C8+D8+E8+H8+I8+J8+K8 -> 7 | M8: =(N8-L8)/N8 -> 0.92222222 | N8: =IFERROR(VLOOKUP(A8,Sonuç!A:D,4,1),0) -> 90
A9: 135 | B9: REMZİ YAVUZ | D9: 7 | F9: =C9+D9+E9 -> 7 | G9: =F9/90 -> 0.077777778 | L9: =C9+D9+E9+H9+I9+J9+K9 -> 7 | M9: =(N9-L9)/N9 -> 0.92222222 | N9: =IFERROR(VLOOKUP(A9,Sonuç!A:D,4,1),0) -> 90
A10: 248 | B10: TUNCAY BAYAM | D10: 7 | F10: =C10+D10+E10 -> 7 | G10: =F10/90 -> 0.077777778 | L10: =C10+D10+E10+H10+I10+J10+K10 -> 7 | M10: =(N10-L10)/N10 -> 0.92222222 | N10: =IFERROR(VLOOKUP(A10,Sonuç!A:D,4,1),0) -> 90
A11: 317 | B11: ENGİN TEKİN | D11: 7 | F11: =C11+D11+E11 -> 7 | G11: =F11/90 -> 0.077777778 | L11: =C11+D11+E11+H11+I11+J11+K11 -> 7 | M11: =(N11-L11)/N11 -> 0.92222222 | N11: =IFERROR(VLOOKUP(A11,Sonuç!A:D,4,1),0) -> 90
A12: 340 | B12: SEVİLAY CEYLAN | D12: 7 | F12: =C12+D12+E12 -> 7 | G12: =F12/90 -> 0.077777778 | L12: =C12+D12+E12+H12+I12+J12+K12 -> 7 | M12: =(N12-L12)/N12 -> 0.92222222 | N12: =IFERROR(VLOOKUP(A12,Sonuç!A:D,4,1),0) -> 90
A13: 380 | B13: RAMAZAN KOÇ | D13: 7 | F13: =C13+D13+E13 -> 7 | G13: =F13/90 -> 0.077777778 | K13: 1 | L13: =C13+D13+E13+H13+I13+J13+K13 -> 8 | M13: =(N13-L13)/N13 -> 0.91111111 | N13: =IFERROR(VLOOKUP(A13,Sonuç!A:D,4,1),0) -> 90
A14: 417 | B14: MEHMET KORT | F14: =C14+D14+E14 -> 0 | G14: =F14/90 -> 0 | I14: 3 | L14: =C14+D14+E14+H14+I14+J14+K14 -> 3 | M14: =(N14-L14)/N14 -> 0.96666667 | N14: =IFERROR(VLOOKUP(A14,Sonuç!A:D,4,1),0) -> 90
A15: 2041 | B15: AZİME YEŞİL | D15: 6 | F15: =C15+D15+E15 -> 6 | G15: =F15/90 -> 0.066666667 | L15: =C15+D15+E15+H15+I15+J15+K15 -> 6 | M15: =(N15-L15)/N15 -> 0.93333333 | N15: =IFERROR(VLOOKUP(A15,Sonuç!A:D,4,1),0) -> 90
A16: 2154 | B16: MAHMUT OĞUR | C16: 43 | F16: =C16+D16+E16 -> 43 | G16: =F16/90 -> 0.47777778 | L16: =C16+D16+E16+H16+I16+J16+K16 -> 43 | M16: =(N16-L16)/N16 -> 0.52222222 | N16: =IFERROR(VLOOKUP(A16,Sonuç!A:D,4,1),0) -> 90
A17: 2280 | B17: ŞERİF SARIKAYA | F17: =C17+D17+E17 -> 0 | G17: =F17/90 -> 0 | I17: 3 | L17: =C17+D17+E17+H17+I17+J17+K17 -> 3 | M17: =(N17-L17)/N17 -> 0.96666667 | N17: =IFERROR(VLOOKUP(A17,Sonuç!A:D,4,1),0) -> 90
A18: 2376 | B18: FERDİ ÖĞMEN | D18: 7 | F18: =C18+D18+E18 -> 7 | G18: =F18/90 -> 0.077777778 | L18: =C18+D18+E18+H18+I18+J18+K18 -> 7 | M18: =(N18-L18)/N18 -> 0.92222222 | N18: =IFERROR(VLOOKUP(A18,Sonuç!A:D,4,1),0) -> 90
A19: 2462 | B19: BEGÜM NARİN | D19: 7 | F19: =C19+D19+E19 -> 7 | G19: =F19/90 -> 0.077777778 | L19: =C19+D19+E19+H19+I19+J19+K19 -> 7 | M19: =(N19-L19)/N19 -> 0.92222222 | N19: =IFERROR(VLOOKUP(A19,Sonuç!A:D,4,1),0) -> 90
A20: 2815 | B20: CEYLAN KURTULMUŞ | F20: =C20+D20+E20 -> 0 | G20: =F20/90 -> 0 | I20: 3 | L20: =C20+D20+E20+H20+I20+J20+K20 -> 3 | M20: =(N20-L20)/N20 -> 0.96666667 | N20: =IFERROR(VLOOKUP(A20,Sonuç!A:D,4,1),0) -> 90
A21: 3111 | B21: MUSTAFA BAYRACI | D21: 7 | F21: =C21+D21+E21 -> 7 | G21: =F21/90 -> 0.077777778 | L21: =C21+D21+E21+H21+I21+J21+K21 -> 7 | M21: =(N21-L21)/N21 -> 0.92222222 | N21: =IFERROR(VLOOKUP(A21,Sonuç!A:D,4,1),0) -> 90
A22: 3113 | B22: PINAR ÇELİK | E22: 37 | F22: =C22+D22+E22 -> 37 | G22: =F22/90 -> 0.41111111 | K22: 53 | L22: =C22+D22+E22+H22+I22+J22+K22 -> 90 | M22: =(N22-L22)/N22 -> 0 | N22: =IFERROR(VLOOKUP(A22,Sonuç!A:D,4,1),0) -> 90
A23: 3438 | B23: AYDIN ÇAĞLAYAN | F23: =C23+D23+E23 -> 0 | G23: =F23/90 -> 0 | I23: 2 | L23: =C23+D23+E23+H23+I23+J23+K23 -> 2 | M23: =(N23-L23)/N23 -> 0.97777778 | N23: =IFERROR(VLOOKUP(A23,Sonuç!A:D,4,1),0) -> 90
A24: 3482 | B24: URKİYE SÜMENOĞLU | D24: 6 | F24: =C24+D24+E24 -> 6 | G24: =F24/90 -> 0.066666667 | L24: =C24+D24+E24+H24+I24+J24+K24 -> 6 | M24: =(N24-L24)/N24 -> 0.93333333 | N24: =IFERROR(VLOOKUP(A24,Sonuç!A:D,4,1),0) -> 90
A25: 3551 | B25: TÜLAY TEKE | D25: 7 | F25: =C25+D25+E25 -> 7 | G25: =F25/90 -> 0.077777778 | L25: =C25+D25+E25+H25+I25+J25+K25 -> 7 | M25: =(N25-L25)/N25 -> 0.92222222 | N25: =IFERROR(VLOOKUP(A25,Sonuç!A:D,4,1),0) -> 90
A26: 3565 | B26: ASİYE OTU | D26: 6 | F26: =C26+D26+E26 -> 6 | G26: =F26/90 -> 0.066666667 | I26: 3 | L26: =C26+D26+E26+H26+I26+J26+K26 -> 9 | M26: =(N26-L26)/N26 -> 0.9 | N26: =IFERROR(VLOOKUP(A26,Sonuç!A:D,4,1),0) -> 90
A27: 3566 | B27: ZEKİ TANDIR | F27: =C27+D27+E27 -> 0 | G27: =F27/90 -> 0 | K27: 2 | L27: =C27+D27+E27+H27+I27+J27+K27 -> 2 | M27: =(N27-L27)/N27 -> 0.97777778 | N27: =IFERROR(VLOOKUP(A27,Sonuç!A:D,4,1),0) -> 90
A28: 3572 | B28: HASAN KÜRKÇÜ | D28: 14 | F28: =C28+D28+E28 -> 14 | G28: =F28/90 -> 0.15555556 | L28: =C28+D28+E28+H28+I28+J28+K28 -> 14 | M28: =(N28-L28)/N28 -> 0.84444444 | N28: =IFERROR(VLOOKUP(A28,Sonuç!A:D,4,1),0) -> 90
A29: 3576 | B29: AHMET YALIN | F29: =C29+D29+E29 -> 0 | G29: =F29/90 -> 0 | K29: 1 | L29: =C29+D29+E29+H29+I29+J29+K29 -> 1 | M29: =(N29-L29)/N29 -> 0.98888889 | N29: =IFERROR(VLOOKUP(A29,Sonuç!A:D,4,1),0) -> 90
A30: 3582 | B30: MUSTAFA ÇIRAK | F30: =C30+D30+E30 -> 0 | G30: =F30/90 -> 0 | I30: 2 | L30: =C30+D30+E30+H30+I30+J30+K30 -> 2 | M30: =(N30-L30)/N30 -> 0.97777778 | N30: =IFERROR(VLOOKUP(A30,Sonuç!A:D,4,1),0) -> 90
A31: 3597 | B31: TUĞBA ŞAĞBAN | F31: =C31+D31+E31 -> 0 | G31: =F31/90 -> 0 | I31: 3 | L31: =C31+D31+E31+H31+I31+J31+K31 -> 3 | M31: =(N31-L31)/N31 -> 0.96666667 | N31: =IFERROR(VLOOKUP(A31,Sonuç!A:D,4,1),0) -> 90
A32: 3598 | B32: SEVİL TEZCAN | F32: =C32+D32+E32 -> 0 | G32: =F32/90 -> 0 | I32: 3 | L32: =C32+D32+E32+H32+I32+J32+K32 -> 3 | M32: =(N32-L32)/N32 -> 0.96666667 | N32: =IFERROR(VLOOKUP(A32,Sonuç!A:D,4,1),0) -> 90
A33: 3614 | B33: FATMA KORKMAZ | F33: =C33+D33+E33 -> 0 | G33: =F33/90 -> 0 | I33: 3 | L33: =C33+D33+E33+H33+I33+J33+K33 -> 3 | M33: =(N33-L33)/N33 -> 0.96666667 | N33: =IFERROR(VLOOKUP(A33,Sonuç!A:D,4,1),0) -> 90
A34: 3656 | B34: ÖMER AKKUŞ | D34: 8 | F34: =C34+D34+E34 -> 8 | G34: =F34/90 -> 0.088888889 | L34: =C34+D34+E34+H34+I34+J34+K34 -> 8 | M34: =(N34-L34)/N34 -> 0.91111111 | N34: =IFERROR(VLOOKUP(A34,Sonuç!A:D,4,1),0) -> 90
A35: 3664 | B35: ERDAL KURTULMUŞ | D35: 6 | F35: =C35+D35+E35 -> 6 | G35: =F35/90 -> 0.066666667 | I35: 3 | L35: =C35+D35+E35+H35+I35+J35+K35 -> 9 | M35: =(N35-L35)/N35 -> 0.9 | N35: =IFERROR(VLOOKUP(A35,Sonuç!A:D,4,1),0) -> 90
A36: 3710 | B36: YUNUS EMRE OTU | D36: 7 | F36: =C36+D36+E36 -> 7 | G36: =F36/90 -> 0.077777778 | L36: =C36+D36+E36+H36+I36+J36+K36 -> 7 | M36: =(N36-L36)/N36 -> 0.92222222 | N36: =IFERROR(VLOOKUP(A36,Sonuç!A:D,4,1),0) -> 90
A37: 3770 | B37: ÖMER PAK | D37: 6 | F37: =C37+D37+E37 -> 6 | G37: =F37/90 -> 0.066666667 | I37: 2 | L37: =C37+D37+E37+H37+I37+J37+K37 -> 8 | M37: =(N37-L37)/N37 -> 0.91111111 | N37: =IFERROR(VLOOKUP(A37,Sonuç!A:D,4,1),0) -> 90
A38: 3805 | B38: ŞEYDA ÖZ | F38: =C38+D38+E38 -> 0 | G38: =F38/90 -> 0 | I38: 1 | J38: 17 | L38: =C38+D38+E38+H38+I38+J38+K38 -> 18 | M38: =(N38-L38)/N38 -> 0.7 | N38: =IFERROR(VLOOKUP(A38,Sonuç!A:D,4,1),0) -> 60
A39: 3807 | B39: HASAN TUFAN GÖÇTÜ | F39: =C39+D39+E39 -> 0 | G39: =F39/90 -> 0 | I39: 5 | L39: =C39+D39+E39+H39+I39+J39+K39 -> 5 | M39: =(N39-L39)/N39 -> 0.94444444 | N39: =IFERROR(VLOOKUP(A39,Sonuç!A:D,4,1),0) -> 90
A40: 3825 | B40: NURAN ÖZÇELİK | F40: =C40+D40+E40 -> 0 | G40: =F40/90 -> 0 | I40: 1 | L40: =C40+D40+E40+H40+I40+J40+K40 -> 1 | M40: =(N40-L40)/N40 -> 0.98888889 | N40: =IFERROR(VLOOKUP(A40,Sonuç!A:D,4,1),0) -> 90
A41: 3826 | B41: ZÜBEYDE KAYA | F41: =C41+D41+E41 -> 0 | G41: =F41/90 -> 0 | I41: 3 | L41: =C41+D41+E41+H41+I41+J41+K41 -> 3 | M41: =(N41-L41)/N41 -> 0.96666667 | N41: =IFERROR(VLOOKUP(A41,Sonuç!A:D,4,1),0) -> 90
A42: 3830 | B42: FADİME YEŞİLYURT | F42: =C42+D42+E42 -> 0 | G42: =F42/90 -> 0 | I42: 3 | L42: =C42+D42+E42+H42+I42+J42+K42 -> 3 | M42: =(N42-L42)/N42 -> 0.96666667 | N42: =IFERROR(VLOOKUP(A42,Sonuç!A:D,4,1),0) -> 90
A43: 3844 | B43: HAKAN AYYILDIZ | D43: 13 | F43: =C43+D43+E43 -> 13 | G43: =F43/90 -> 0.14444444 | I43: 1 | L43: =C43+D43+E43+H43+I43+J43+K43 -> 14 | M43: =(N43-L43)/N43 -> 0.84444444 | N43: =IFERROR(VLOOKUP(A43,Sonuç!A:D,4,1),0) -> 90
A44: 3868 | B44: SEVCAN SAYUR | F44: =C44+D44+E44 -> 0 | G44: =F44/90 -> 0 | I44: 11 | L44: =C44+D44+E44+H44+I44+J44+K44 -> 11 | M44: =(N44-L44)/N44 -> 0.81666667 | N44: =IFERROR(VLOOKUP(A44,Sonuç!A:D,4,1),0) -> 60
A45: 3878 | B45: İBRAHİM KURT | F45: =C45+D45+E45 -> 0 | G45: =F45/90 -> 0 | K45: 1 | L45: =C45+D45+E45+H45+I45+J45+K45 -> 1 | M45: =(N45-L45)/N45 -> 0.98888889 | N45: =IFERROR(VLOOKUP(A45,Sonuç!A:D,4,1),0) -> 90
A46: 3886 | B46: MAHSUM KOÇ | D46: 6 | F46: =C46+D46+E46 -> 6 | G46: =F46/90 -> 0.066666667 | L46: =C46+D46+E46+H46+I46+J46+K46 -> 6 | M46: =(N46-L46)/N46 -> 0.93333333 | N46: =IFERROR(VLOOKUP(A46,Sonuç!A:D,4,1),0) -> 90
A47: 3913 | B47: MUSTAFA ÇANAK | D47: 6 | F47: =C47+D47+E47 -> 6 | G47: =F47/90 -> 0.066666667 | L47: =C47+D47+E47+H47+I47+J47+K47 -> 6 | M47: =(N47-L47)/N47 -> 0.93333333 | N47: =IFERROR(VLOOKUP(A47,Sonuç!A:D,4,1),0) -> 90
A48: 3939 | B48: YASEMİN DURGUT | D48: 7 | F48: =C48+D48+E48 -> 7 | G48: =F48/90 -> 0.077777778 | L48: =C48+D48+E48+H48+I48+J48+K48 -> 7 | M48: =(N48-L48)/N48 -> 0.92222222 | N48: =IFERROR(VLOOKUP(A48,Sonuç!A:D,4,1),0) -> 90
A49: 4001 | B49: FATMANA ESKİN | D49: 7 | F49: =C49+D49+E49 -> 7 | G49: =F49/90 -> 0.077777778 | L49: =C49+D49+E49+H49+I49+J49+K49 -> 7 | M49: =(N49-L49)/N49 -> 0.92222222 | N49: =IFERROR(VLOOKUP(A49,Sonuç!A:D,4,1),0) -> 90
A50: 4019 | B50: EMRE YILMAZ | F50: =C50+D50+E50 -> 0 | G50: =F50/90 -> 0 | J50: 6 | L50: =C50+D50+E50+H50+I50+J50+K50 -> 6 | M50: =(N50-L50)/N50 -> 0.93333333 | N50: =IFERROR(VLOOKUP(A50,Sonuç!A:D,4,1),0) -> 90
A51: 4020 | B51: MUSTAFA KORKMAZ | F51: =C51+D51+E51 -> 0 | G51: =F51/90 -> 0 | I51: 1 | L51: =C51+D51+E51+H51+I51+J51+K51 -> 1 | M51: =(N51-L51)/N51 -> 0.98888889 | N51: =IFERROR(VLOOKUP(A51,Sonuç!A:D,4,1),0) -> 90
A52: 4021 | B52: MURAT KAŞLI | F52: =C52+D52+E52 -> 0 | G52: =F52/90 -> 0 | I52: 1 | L52: =C52+D52+E52+H52+I52+J52+K52 -> 1 | M52: =(N52-L52)/N52 -> 0.98888889 | N52: =IFERROR(VLOOKUP(A52,Sonuç!A:D,4,1),0) -> 90
A53: 4023 | B53: MEHMET KEMAL ALTIN | D53: 7 | F53: =C53+D53+E53 -> 7 | G53: =F53/90 -> 0.077777778 | K53: 1 | L53: =C53+D53+E53+H53+I53+J53+K53 -> 8 | M53: =(N53-L53)/N53 -> 0.91111111 | N53: =IFERROR(VLOOKUP(A53,Sonuç!A:D,4,1),0) -> 90
A54: 4037 | B54: RUKİYE AKKAN | C54: 10 | F54: =C54+D54+E54 -> 10 | G54: =F54/90 -> 0.11111111 | L54: =C54+D54+E54+H54+I54+J54+K54 -> 10 | M54: =(N54-L54)/N54 -> 0.88888889 | N54: =IFERROR(VLOOKUP(A54,Sonuç!A:D,4,1),0) -> 90
A55: 4059 | B55: MEHMET TÜRKGÜLSÜN | D55: 7 | F55: =C55+D55+E55 -> 7 | G55: =F55/90 -> 0.077777778 | L55: =C55+D55+E55+H55+I55+J55+K55 -> 7 | M55: =(N55-L55)/N55 -> 0.92222222 | N55: =IFERROR(VLOOKUP(A55,Sonuç!A:D,4,1),0) -> 90
A56: 4102 | B56: RAMAZAN ŞAHİN | F56: =C56+D56+E56 -> 0 | G56: =F56/90 -> 0 | I56: 1 | L56: =C56+D56+E56+H56+I56+J56+K56 -> 1 | M56: =(N56-L56)/N56 -> 0.98888889 | N56: =IFERROR(VLOOKUP(A56,Sonuç!A:D,4,1),0) -> 90
A57: 4111 | B57: NURCAN BİRGİ | F57: =C57+D57+E57 -> 0 | G57: =F57/90 -> 0 | I57: 15 | L57: =C57+D57+E57+H57+I57+J57+K57 -> 15 | M57: =(N57-L57)/N57 -> 0.83333333 | N57: =IFERROR(VLOOKUP(A57,Sonuç!A:D,4,1),0) -> 90
A58: 4119 | B58: SERKAN UYSAL | F58: =C58+D58+E58 -> 0 | G58: =F58/90 -> 0 | I58: 4 | L58: =C58+D58+E58+H58+I58+J58+K58 -> 4 | M58: =(N58-L58)/N58 -> 0.95555556 | N58: =IFERROR(VLOOKUP(A58,Sonuç!A:D,4,1),0) -> 90
A59: 4165 | B59: YILMAZ BAYKA | D59: 7 | F59: =C59+D59+E59 -> 7 | G59: =F59/90 -> 0.077777778 | I59: 5 | L59: =C59+D59+E59+H59+I59+J59+K59 -> 12 | M59: =(N59-L59)/N59 -> 0.86666667 | N59: =IFERROR(VLOOKUP(A59,Sonuç!A:D,4,1),0) -> 90
A60: 4236 | B60: ABDULLAH DEMİR | F60: =C60+D60+E60 -> 0 | G60: =F60/90 -> 0 | I60: 2 | L60: =C60+D60+E60+H60+I60+J60+K60 -> 2 | M60: =(N60-L60)/N60 -> 0.97777778 | N60: =IFERROR(VLOOKUP(A60,Sonuç!A:D,4,1),0) -> 90
A61: 4244 | B61: MEHMET ALİ BÜRAN | F61: =C61+D61+E61 -> 0 | G61: =F61/90 -> 0 | I61: 5 | L61: =C61+D61+E61+H61+I61+J61+K61 -> 5 | M61: =(N61-L61)/N61 -> 0.94444444 | N61: =IFERROR(VLOOKUP(A61,Sonuç!A:D,4,1),0) -> 90
A62: 4262 | B62: MEHMET BAYKA | D62: 7 | F62: =C62+D62+E62 -> 7 | G62: =F62/90 -> 0.077777778 | I62: 7 | L62: =C62+D62+E62+H62+I62+J62+K62 -> 14 | M62: =(N62-L62)/N62 -> 0.84444444 | N62: =IFERROR(VLOOKUP(A62,Sonuç!A:D,4,1),0) -> 90
A63: 4264 | B63: ÖMER ÇARIKCI | D63: 6 | F63: =C63+D63+E63 -> 6 | G63: =F63/90 -> 0.066666667 | L63: =C63+D63+E63+H63+I63+J63+K63 -> 6 | M63: =(N63-L63)/N63 -> 0.93333333 | N63: =IFERROR(VLOOKUP(A63,Sonuç!A:D,4,1),0) -> 90
A64: 4284 | B64: AZİZ ÖĞMEN | F64: =C64+D64+E64 -> 0 | G64: =F64/90 -> 0 | K64: 3 | L64: =C64+D64+E64+H64+I64+J64+K64 -> 3 | M64: =(N64-L64)/N64 -> 0.96666667 | N64: =IFERROR(VLOOKUP(A64,Sonuç!A:D,4,1),0) -> 90
A65: 4295 | B65: İBRAHİM ŞENYURT | F65: =C65+D65+E65 -> 0 | G65: =F65/90 -> 0 | I65: 3 | L65: =C65+D65+E65+H65+I65+J65+K65 -> 3 | M65: =(N65-L65)/N65 -> 0.96666667 | N65: =IFERROR(VLOOKUP(A65,Sonuç!A:D,4,1),0) -> 90
A66: 4298 | B66: HALİT ŞANLIGENÇ | F66: =C66+D66+E66 -> 0 | G66: =F66/90 -> 0 | I66: 1 | L66: =C66+D66+E66+H66+I66+J66+K66 -> 1 | M66: =(N66-L66)/N66 -> 0.98888889 | N66: =IFERROR(VLOOKUP(A66,Sonuç!A:D,4,1),0) -> 90
A67: 4321 | B67: SEZGİN GÜRSOY | D67: 6 | F67: =C67+D67+E67 -> 6 | G67: =F67/90 -> 0.066666667 | L67: =C67+D67+E67+H67+I67+J67+K67 -> 6 | M67: =(N67-L67)/N67 -> 0.93333333 | N67: =IFERROR(VLOOKUP(A67,Sonuç!A:D,4,1),0) -> 90
A68: 4330 | B68: CENNET ULUBEL | D68: 7 | F68: =C68+D68+E68 -> 7 | G68: =F68/90 -> 0.077777778 | I68: 1 | L68: =C68+D68+E68+H68+I68+J68+K68 -> 8 | M68: =(N68-L68)/N68 -> 0.91111111 | N68: =IFERROR(VLOOKUP(A68,Sonuç!A:D,4,1),0) -> 90
A69: 4337 | B69: YASEMİN MALÇOK | D69: 6 | F69: =C69+D69+E69 -> 6 | G69: =F69/90 -> 0.066666667 | L69: =C69+D69+E69+H69+I69+J69+K69 -> 6 | M69: =(N69-L69)/N69 -> 0.93333333 | N69: =IFERROR(VLOOKUP(A69,Sonuç!A:D,4,1),0) -> 90
A70: 4353 | B70: AYŞEN YILMAZ | F70: =C70+D70+E70 -> 0 | G70: =F70/90 -> 0 | I70: 7 | L70: =C70+D70+E70+H70+I70+J70+K70 -> 7 | M70: =(N70-L70)/N70 -> 0.92222222 | N70: =IFERROR(VLOOKUP(A70,Sonuç!A:D,4,1),0) -> 90
A71: 4373 | B71: TÜLAY AYDİN | C71: 76 | F71: =C71+D71+E71 -> 76 | G71: =F71/90 -> 0.84444444 | L71: =C71+D71+E71+H71+I71+J71+K71 -> 76 | M71: =(N71-L71)/N71 -> 0.15555556 | N71: =IFERROR(VLOOKUP(A71,Sonuç!A:D,4,1),0) -> 90
A72: 4380 | B72: HALİL KEÇELİOĞLU | D72: 7 | F72: =C72+D72+E72 -> 7 | G72: =F72/90 -> 0.077777778 | L72: =C72+D72+E72+H72+I72+J72+K72 -> 7 | M72: =(N72-L72)/N72 -> 0.92222222 | N72: =IFERROR(VLOOKUP(A72,Sonuç!A:D,4,1),0) -> 90
A73: 4402 | B73: EMRE KAŞLI | F73: =C73+D73+E73 -> 0 | G73: =F73/90 -> 0 | I73: 5 | K73: 1 | L73: =C73+D73+E73+H73+I73+J73+K73 -> 6 | M73: =(N73-L73)/N73 -> 0.93333333 | N73: =IFERROR(VLOOKUP(A73,Sonuç!A:D,4,1),0) -> 90
A74: 4424 | B74: ALİ ALTINKAYA | D74: 6 | F74: =C74+D74+E74 -> 6 | G74: =F74/90 -> 0.066666667 | I74: 2 | L74: =C74+D74+E74+H74+I74+J74+K74 -> 8 | M74: =(N74-L74)/N74 -> 0.91111111 | N74: =IFERROR(VLOOKUP(A74,Sonuç!A:D,4,1),0) -> 90
A75: 4805 | B75: SÜLEYMAN MUSLU | D75: 6 | F75: =C75+D75+E75 -> 6 | G75: =F75/90 -> 0.066666667 | I75: 2 | L75: =C75+D75+E75+H75+I75+J75+K75 -> 8 | M75: =(N75-L75)/N75 -> 0.91111111 | N75: =IFERROR(VLOOKUP(A75,Sonuç!A:D,4,1),0) -> 90
A76: 5039 | B76: ARZU TÜRE | D76: 7 | F76: =C76+D76+E76 -> 7 | G76: =F76/90 -> 0.077777778 | I76: 11 | K76: 1 | L76: =C76+D76+E76+H76+I76+J76+K76 -> 19 | M76: =(N76-L76)/N76 -> 0.78888889 | N76: =IFERROR(VLOOKUP(A76,Sonuç!A:D,4,1),0) -> 90
A77: 5041 | B77: EMİNE PAYAM | F77: =C77+D77+E77 -> 0 | G77: =F77/90 -> 0 | I77: 3 | L77: =C77+D77+E77+H77+I77+J77+K77 -> 3 | M77: =(N77-L77)/N77 -> 0.96666667 | N77: =IFERROR(VLOOKUP(A77,Sonuç!A:D,4,1),0) -> 90
A78: 5045 | B78: FEVZİ KÖSE | D78: 7 | F78: =C78+D78+E78 -> 7 | G78: =F78/90 -> 0.077777778 | L78: =C78+D78+E78+H78+I78+J78+K78 -> 7 | M78: =(N78-L78)/N78 -> 0.92222222 | N78: =IFERROR(VLOOKUP(A78,Sonuç!A:D,4,1),0) -> 90
A79: 5046 | B79: YASEMİN ŞAHAL | F79: =C79+D79+E79 -> 0 | G79: =F79/90 -> 0 | I79: 3 | L79: =C79+D79+E79+H79+I79+J79+K79 -> 3 | M79: =(N79-L79)/N79 -> 0.96666667 | N79: =IFERROR(VLOOKUP(A79,Sonuç!A:D,4,1),0) -> 90
A80: 5055 | B80: KAZIM BAYKET ÜNLÜ | F80: =C80+D80+E80 -> 0 | G80: =F80/90 -> 0 | I80: 10 | L80: =C80+D80+E80+H80+I80+J80+K80 -> 10 | M80: =(N80-L80)/N80 -> 0.88888889 | N80: =IFERROR(VLOOKUP(A80,Sonuç!A:D,4,1),0) -> 90
A81: 5078 | B81: YELİZ ŞEKER | F81: =C81+D81+E81 -> 0 | G81: =F81/90 -> 0 | I81: 6 | K81: 5 | L81: =C81+D81+E81+H81+I81+J81+K81 -> 11 | M81: =(N81-L81)/N81 -> 0.87777778 | N81: =IFERROR(VLOOKUP(A81,Sonuç!A:D,4,1),0) -> 90
A82: 5084 | B82: FATİH SAĞINÇ | F82: =C82+D82+E82 -> 0 | G82: =F82/90 -> 0 | I82: 4 | K82: 1 | L82: =C82+D82+E82+H82+I82+J82+K82 -> 5 | M82: =(N82-L82)/N82 -> 0.94444444 | N82: =IFERROR(VLOOKUP(A82,Sonuç!A:D,4,1),0) -> 90
A83: 5092 | B83: YUNUS KAYAALP | F83: =C83+D83+E83 -> 0 | G83: =F83/90 -> 0 | I83: 3 | K83: 1 | L83: =C83+D83+E83+H83+I83+J83+K83 -> 4 | M83: =(N83-L83)/N83 -> 0.95555556 | N83: =IFERROR(VLOOKUP(A83,Sonuç!A:D,4,1),0) -> 90
A84: 5125 | B84: ELİF KURT | F84: =C84+D84+E84 -> 0 | G84: =F84/90 -> 0 | I84: 3 | L84: =C84+D84+E84+H84+I84+J84+K84 -> 3 | M84: =(N84-L84)/N84 -> 0.96666667 | N84: =IFERROR(VLOOKUP(A84,Sonuç!A:D,4,1),0) -> 90
A85: 5129 | B85: BERKANT ÜNLÜ | D85: 5 | F85: =C85+D85+E85 -> 5 | G85: =F85/90 -> 0.055555556 | L85: =C85+D85+E85+H85+I85+J85+K85 -> 5 | M85: =(N85-L85)/N85 -> 0.94444444 | N85: =IFERROR(VLOOKUP(A85,Sonuç!A:D,4,1),0) -> 90
A86: 5132 | B86: HÜSEYİN KÖPRÜ | D86: 7 | F86: =C86+D86+E86 -> 7 | G86: =F86/90 -> 0.077777778 | I86: 3 | K86: 1 | L86: =C86+D86+E86+H86+I86+J86+K86 -> 11 | M86: =(N86-L86)/N86 -> 0.87777778 | N86: =IFERROR(VLOOKUP(A86,Sonuç!A:D,4,1),0) -> 90
A87: 5164 | B87: RABİA OĞUZ | F87: =C87+D87+E87 -> 0 | G87: =F87/90 -> 0 | K87: 1 | L87: =C87+D87+E87+H87+I87+J87+K87 -> 1 | M87: =(N87-L87)/N87 -> 0.98888889 | N87: =IFERROR(VLOOKUP(A87,Sonuç!A:D,4,1),0) -> 90
A88: 5175 | B88: ENVER RECEP ALDEMİR | F88: =C88+D88+E88 -> 0 | G88: =F88/90 -> 0 | K88: 2 | L88: =C88+D88+E88+H88+I88+J88+K88 -> 2 | M88: =(N88-L88)/N88 -> 0.97777778 | N88: =IFERROR(VLOOKUP(A88,Sonuç!A:D,4,1),0) -> 90
A89: 5176 | B89: SERVET BAKIR | F89: =C89+D89+E89 -> 0 | G89: =F89/90 -> 0 | I89: 3 | L89: =C89+D89+E89+H89+I89+J89+K89 -> 3 | M89: =(N89-L89)/N89 -> 0.96666667 | N89: =IFERROR(VLOOKUP(A89,Sonuç!A:D,4,1),0) -> 90
A90: 5186 | B90: HATİCE GÜVENÇ | F90: =C90+D90+E90 -> 0 | G90: =F90/90 -> 0 | K90: 1 | L90: =C90+D90+E90+H90+I90+J90+K90 -> 1 | M90: =(N90-L90)/N90 -> 0.98888889 | N90: =IFERROR(VLOOKUP(A90,Sonuç!A:D,4,1),0) -> 90
A91: 5203 | B91: SADIK SERDAR SEZGİN | F91: =C91+D91+E91 -> 0 | G91: =F91/90 -> 0 | K91: 1 | L91: =C91+D91+E91+H91+I91+J91+K91 -> 1 | M91: =(N91-L91)/N91 -> 0.98888889 | N91: =IFERROR(VLOOKUP(A91,Sonuç!A:D,4,1),0) -> 90
A92: 5220 | B92: YUSUF KURT | F92: =C92+D92+E92 -> 0 | G92: =F92/90 -> 0 | K92: 1 | L92: =C92+D92+E92+H92+I92+J92+K92 -> 1 | M92: =(N92-L92)/N92 -> 0.98888889 | N92: =IFERROR(VLOOKUP(A92,Sonuç!A:D,4,1),0) -> 90
A93: 5242 | B93: HASAN KÖSEOĞLU | D93: 7 | F93: =C93+D93+E93 -> 7 | G93: =F93/90 -> 0.077777778 | I93: 3 | L93: =C93+D93+E93+H93+I93+J93+K93 -> 10 | M93: =(N93-L93)/N93 -> 0.88888889 | N93: =IFERROR(VLOOKUP(A93,Sonuç!A:D,4,1),0) -> 90
A94: 5243 | B94: İBRAHİM KILIÇOĞLU | D94: 12 | F94: =C94+D94+E94 -> 12 | G94: =F94/90 -> 0.13333333 | K94: 1 | L94: =C94+D94+E94+H94+I94+J94+K94 -> 13 | M94: =(N94-L94)/N94 -> 0.85555556 | N94: =IFERROR(VLOOKUP(A94,Sonuç!A:D,4,1),0) -> 90
A95: 5244 | B95: SELDA ÖZEL | F95: =C95+D95+E95 -> 0 | G95: =F95/90 -> 0 | K95: 1 | L95: =C95+D95+E95+H95+I95+J95+K95 -> 1 | M95: =(N95-L95)/N95 -> 0.98888889 | N95: =IFERROR(VLOOKUP(A95,Sonuç!A:D,4,1),0) -> 90
A96: 5245 | B96: MELEK DÜZEN | F96: =C96+D96+E96 -> 0 | G96: =F96/90 -> 0 | I96: 4 | K96: 2 | L96: =C96+D96+E96+H96+I96+J96+K96 -> 6 | M96: =(N96-L96)/N96 -> 0.93333333 | N96: =IFERROR(VLOOKUP(A96,Sonuç!A:D,4,1),0) -> 90
A97: 5262 | B97: YUSUF CAN YİTİK | F97: =C97+D97+E97 -> 0 | G97: =F97/90 -> 0 | I97: 7 | K97: 1 | L97: =C97+D97+E97+H97+I97+J97+K97 -> 8 | M97: =(N97-L97)/N97 -> 0.90804598 | N97: =IFERROR(VLOOKUP(A97,Sonuç!A:D,4,1),0) -> 87
A98: 5265 | B98: TANER GENÇ | F98: =C98+D98+E98 -> 0 | G98: =F98/90 -> 0 | K98: 2 | L98: =C98+D98+E98+H98+I98+J98+K98 -> 2 | M98: =(N98-L98)/N98 -> 0.97701149 | N98: =IFERROR(VLOOKUP(A98,Sonuç!A:D,4,1),0) -> 87
A99: 5268 | B99: MUHAMMET KILIÇ | F99: =C99+D99+E99 -> 0 | G99: =F99/90 -> 0 | K99: 2 | L99: =C99+D99+E99+H99+I99+J99+K99 -> 2 | M99: =(N99-L99)/N99 -> 0.97701149 | N99: =IFERROR(VLOOKUP(A99,Sonuç!A:D,4,1),0) -> 87
A100: 5274 | B100: MEHMET İĞCİ | F100: =C100+D100+E100 -> 0 | G100: =F100/90 -> 0 | K100: 1 | L100: =C100+D100+E100+H100+I100+J100+K100 -> 1 | M100: =(N100-L100)/N100 -> 0.9875 | N100: =IFERROR(VLOOKUP(A100,Sonuç!A:D,4,1),0) -> 80
...

Sheet Kaizen Listesi
A1: Personel Sicil No | B1: Personel Adı Soyadı | C1: Bölüm | D1: Pozisyon | E1: Oca | F1: Şub | G1: Mar | H1: ORTALAMA
A2: 12 | B2: COŞKUN TEKİNASLAN | C2: İHSARAT | D2: İhsarat Grup Lideri | E2: 0 | F2: 0 | G2: 0 | H2: =AVERAGE(E2:G2) -> 0
A3: 15 | B3: MURAT MENTEŞOĞLU | C3: RİNG BOBİN | D3: Üretim Ekip Lideri | E3: 0 | F3: 0 | G3: 0 | H3: =AVERAGE(E3:G3) -> 0
A4: 39 | B4: ŞAHİN ŞAHİN | C4: MEKANİK BAKIM | D4: Bakım Ekip Lideri | E4: 0 | F4: 0 | G4: 0 | H4: =AVERAGE(E4:G4) -> 0
A5: 49 | B5: RAMAZAN BALCI | C5: İHSARAT | D5: İhsarat Grup Lideri | E5: 0 | F5: 0 | G5: 0 | H5: =AVERAGE(E5:G5) -> 0
A6: 52 | B6: YAVUZ YILMAM | C6: RİNG BOBİN | D6: Ring Bobin Setup Operatörü | E6: 0 | F6: 0 | G6: 0 | H6: =AVERAGE(E6:G6) -> 0
A7: 57 | B7: MUHAMMED GÜMÜŞ | C7: MEKANİK BAKIM | D7: Mekanik Bakım Takım Lideri Yardımcısı | E7: 0 | F7: 0 | G7: 0 | H7: =AVERAGE(E7:G7) -> 0
A8: 64 | B8: MAHMUT MENTEŞ | C8: ENERJİ BAKIM | D8: Bakım Ekip Lideri | E8: 0 | F8: 0 | G8: 0 | H8: =AVERAGE(E8:G8) -> 0
A9: 72 | B9: MEHMET KÖSE | C9: RİNG BOBİN TEMİZLİK | D9: Makine Temizlik Takım Lideri | E9: 0 | F9: 0 | G9: 0 | H9: =AVERAGE(E9:G9) -> 0
A10: 73 | B10: VEYSAL DURMUŞ | C10: RİNG BOBİN | D10: Ring Bobin Setup Operatörü | E10: 0 | F10: 0 | G10: 0 | H10: =AVERAGE(E10:G10) -> 0
A11: 74 | B11: AKIN ÖZTÜRK | C11: MEKANİK BAKIM | D11: Bakım Ekip Lideri | E11: 0 | F11: 0 | G11: 0 | H11: =AVERAGE(E11:G11) -> 0
A12: 79 | B12: AHMET YÖRÜK | C12: İHSARAT | D12: İhsarat Grup Lideri | E12: 0 | F12: 0 | G12: 0 | H12: =AVERAGE(E12:G12) -> 0
A13: 81 | B13: NURETTİN YILMAM | C13: AMBALAJ | D13: Paketleme Ambalaj Takım Lideri | E13: 0 | F13: 0 | G13: 100 | H13: =AVERAGE(E13:G13) -> 33.333333
... A20: 108 | B20: MUSTAFA EMREM | C20: MEKANİK BAKIM | D20: Mekanik Bakım Takım Lideri | E20: 0 | F20: 100 | G20: 0 | H20: =AVERAGE(E20:G20) -> 33.333333
A21: 109 | B21: RECAİ ELİUZ | C21: RİNG BOBİN | D21: Ring Bobin Setup Takım Lideri Yardımcısı | E21: 100 | F21: 0 | G21: 0 | H21: =AVERAGE(E21:F21) -> 50
A22: 112 | B22: ALİ DİNGER | C22: ENERJİ BAKIM | D22: Elektrik Bakım Takım Lideri | E22: 0 | F22: 0 | G22: 0 | H22: =AVERAGE(E22:G22) -> 0
A23: 113 | B23: MEHMET KÖK | C23: KALİTE | D23: Rektefiye Operatörü | E23: 0 | F23: 0 | G23: 0 | H23: =AVERAGE(E23:G23) -> 0
A24: 120 | B24: ÜMİT ALTINTAŞ | C24: RİNG BOBİN | D24: Ring Bobin Setup Operatörü | E24: 0 | F24: 0 | G24: 0 | H24: =AVERAGE(E24:G24) -> 0
A25: 123 | B25: MUSTAFA BERBEROĞLU | C25: İHSARAT | D25: İhsarat Grup Lideri | E25: 100 | F25: 0 | G25: 100 | H25: =AVERAGE(E25:G25) -> 66.666667
A26: 124 | B26: ALİ KÜÇÜK | C26: AMBALAJ | D26: Paketleme Ambalaj Takım Lideri Yardımcısı | E26: 100 | F26: 0 | G26: 100 | H26: =AVERAGE(E26:G26) -> 66.666667
A27: 125 | B27: RAMAZAN ÖZDEMİR | C27: KALİTE | D27: Proses Kontrol Operatörü | E27: 0 | F27: 0 | G27: 0 | H27: =AVERAGE(E27:G27) -> 0
A28: 129 | B28: ADNAN DAĞLI | C28: KATLAMA BÜKÜM | D28: Katlama Büküm Operatörü | E28: 100 | F28: 100 | G28: 0 | H28: =AVERAGE(E28:G28) -> 66.666667
A29: 131 | B29: ÖZCAN TAŞÇI | C29: RİNG BOBİN | D29: Ring Bobin Setup Takım Lideri | E29: 0 | F29: 100 | G29: 0 | H29: =AVERAGE(E29:F29) -> 50
A30: 135 | B30: REMZİ YAVUZ | C30: KALİTE | D30: Proses Kontrol Operatörü | E30: 100 | F30: 0 | G30: 0 | H30: =AVERAGE(E30:G30) -> 33.333333
A31: 138 | B31: YUSUF SARIOĞLU | C31: KATLAMA BÜKÜM | D31: Katlama Büküm Operatörü | E31: 0 | F31: 0 | G31: 0 | H31: =AVERAGE(E31:G31) -> 0
A32: 146 | B32: VELİ ŞAHBUDAK | C32: KATLAMA BÜKÜM | D32: Katlama Büküm Operatörü | E32: 0 | F32: 0 | G32: 0 | H32: =AVERAGE(E32:G32) -> 0
A33: 149 | B33: POLAT VURAL | C33: İHSARAT | D33: İhsarat Operatörü | E33: 0 | F33: 0 | G33: 0 | H33: =AVERAGE(E33:G33) -> 0
A34: 153 | B34: OSMAN ÇELİK | C34: OPENEND | D34: Open End Katlama Büküm Grup Lideri | E34: 0 | F34: 0 | G34: 0 | H34: =AVERAGE(E34:G34) -> 0
A35: 165 | B35: HALİL DURAN | C35: İHSARAT | D35: İhsarat Takım Lideri Yardımcısı | E35: 0 | F35: 0 | G35: 0 | H35: =AVERAGE(E35:G35) -> 0
A36: 171 | B36: MUHTEREM YAVUZ | C36: İHSARAT | D36: İhsarat Operatörü | E36: 0 | F36: 0 | G36: 0 | H36: =AVERAGE(E36:G36) -> 0
A37: 215 | B37: AHMET ŞENAY | C37: RİNG BOBİN | D37: Ring Bobin Grup Lideri | E37: 0 | F37: 0 | G37: 100 | H37: =AVERAGE(E37:G37) -> 33.333333
A38: 218 | B38: GÜNAY ERİN | C38: RİNG BOBİN | D38: Ring Bobin Operatörü | E38: 0 | F38: 0 | G38: 0 | H38: =AVERAGE(E38:G38) -> 0
A39: 219 | B39: MUSTAFA BALIK | C39: RİNG BOBİN | D39: Ring Bobin Setup Operatörü | E39: 0 | F39: 100 | G39: 0 | H39: =AVERAGE(E39:G39) -> 33.333333
A40: 225 | B40: SÜLEYMAN YILDIRIM | C40: RİNG BOBİN | D40: Open End Ring Bobin ve Setup Lideri | E40: 0 | F40: 0 | G40: 0 | H40: =AVERAGE(E40:F40) -> 0
A41: 227 | B41: ZÜHTÜ GÜNDAĞ | C41: RİNG BOBİN | D41: Ring Bobin Setup Operatörü | E41: 0 | F41: 0 | G41: 0 | H41: =AVERAGE(E41:G41) -> 0
A42: 230 | B42: İLYAS ORHAN | C42: OPENEND | D42: Open End Katlama Büküm Grup Lideri | E42: 0 | F42: 0 | G42: 0 | H42: =AVERAGE(E42:G42) -> 0
A43: 231 | B43: ŞEVKİ DEMİR | C43: RİNG BOBİN | D43: Ring Bobin Setup Operatörü | E43: 0 | F43: 0 | G43: 0 | H43: =AVERAGE(E43:G43) -> 0
A44: 239 | B44: ÜMİT ÇOBAN | C44: MİX PRESE-PAMUK | D44: Pamuk Mix Prese Takım Lideri | E44: 0 | F44: 0 | G44: 100 | H44: =AVERAGE(E44:G44) -> 33.333333
A45: 248 | B45: TUNCAY BAYAM | C45: RİNG BOBİN | D45: Ring Bobin Setup Operatörü | E45: 0 | F45: 0 | G45: 0 | H45: =AVERAGE(E45:G45) -> 0
A46: 253 | B46: AHMET MULCAR | C46: RİNG BOBİN | D46: Open End Ring Bobin ve Setup Lideri | E46: 0 | F46: 0 | G46: 100 | H46: =AVERAGE(E46:G46) -> 33.333333
A47: 254 | B47: SERKAN ACAR | C47: RİNG BOBİN | D47: Ring Bobin Grup Lideri | E47: 0 | F47: 0 | G47: 0 | H47: =AVERAGE(E47:G47) -> 0
A48: 261 | B48: YETİŞ MENTEŞ | C48: KALİTE | D48: Kalite Takım Lideri Yardımcısı | E48: 100 | F48: 0 | G48: 0 | H48: =AVERAGE(E48:G48) -> 33.333333
A49: 276 | B49: MEHMET YİTİK | C49: MİX PRESE-PAMUK | D49: Pamuk Mix Prese Takım Lideri | E49: 0 | F49: 0 | G49: 0 | H49: =AVERAGE(E49:G49) -> 0
A50: 279 | B50: SELİM AKKOYUN | C50: RİNG BOBİN | D50: Ring Bobin Setup Takım Lideri | E50: 0 | F50: 0 | G50: 100 | H50: =AVERAGE(E50:G50) -> 33.333333
A51: 300 | B51: DURMUŞ KAHYA | C51: RİNG BOBİN | D51: Ring Bobin Setup Takım Lideri | E51: 0 | F51: 0 | G51: 0 | H51: =AVERAGE(E51:G51) -> 0
A52: 309 | B52: HALİL DENİZ | C52: İHSARAT | D52: İhsarat Operatörü | E52: 0 | F52: 0 | G52: 0 | H52: =AVERAGE(E52:G52) -> 0
... A98: 3351 | B98: HALİL MAN | C98: İHSARAT | D98: İhsarat Operatörü | E98: 0 | F98: 0 | G98: 0 | H98: =AVERAGE(E98:G98) -> 0
A99: 3366 | B99: SİNAN BANAZ | C99: RİNG BOBİN | D99: Open End Ring Bobin ve Setup Lideri | E99: 0 | F99: 0 | G99: 0 | H99: =AVERAGE(E99:F99) -> 0
A100: 3410 | B100: DENİZ BURHAN | C100: RİNG BOBİN TEMİZLİK | D100: Makine Temizlik Takım Lideri Yardımcısı | E100: 0 | F100: 0 | G100: 0 | H100: =AVERAGE(E100:G100) -> 0
A101: 3412 | B101: AYKUT YILDIZ | C101: KALİTE | D101: Laborant | E101: 100 | F101: 100 | G101: 0 | H101: =AVERAGE(E101:G101) -> 66.666667
A102: 3438 | B102: AYDIN ÇAĞLAYAN | C102: İHSARAT | D102: İhsarat Takım Lideri | E102: 0 | F102: 0 | G102: 0 | H102: =AVERAGE(E102:G102) -> 0
A103: 3443 | B103: ELİF ÇAKMAK | C103: RİNG BOBİN | D103: Ring Bobin Operatörü | E103: 0 | F103: 0 | G103: 0 | H103: =AVERAGE(E103:G103) -> 0
A104: 3458 | B104: MEHMET ŞENGÜL | C104: RİNG BOBİN | D104: Fitil Sıyırma Operatörü | E104: 0 | F104: 0 | G104: 0 | H104: =AVERAGE(E104:G104) -> 0
A105: 3463 | B105: RAMAZAN ÖZGEN | C105: ENERJİ BAKIM | D105: Klima Bakım Takım Lideri | E105: 0 | F105: 0 | G105: 0 | H105: =AVERAGE(E105:G105) -> 0
A106: 3468 | B106: ŞÜKRÜ MERSİN | C106: OPENEND | D106: Opend End Operatörü | E106: 0 | F106: 0 | G106: 0 | H106: =AVERAGE(E106:G106) -> 0
A107: 3482 | B107: URKİYE SÜMENOĞLU | C107: RİNG BOBİN | D107: Ring Bobin Operatörü | E107: 0 | F107: 0 | G107: 0 | H107: =AVERAGE(E107:G107) -> 0
A108: 3486 | B108: HASAN ÇAKIR | C108: ENERJİ BAKIM | D108: Elektrik Bakım Operatörü | E108: 0 | F108: 0 | G108: 0 | H108: =AVERAGE(E108:G108) -> 0
A109: 3502 | B109: SEVGİ KILINÇ | C109: RİNG BOBİN | D109: Ring Bobin Operatörü | E109: 0 | F109: 0 | G109: 0 | H109: =AVERAGE(E109:G109) -> 0
A110: 3522 | B110: GÜLBİYE ÇELİK | C110: KATLAMA BÜKÜM | D110: Katlama Büküm Operatörü | E110: 0 | F110: 0 | G110: 0 | H110: =AVERAGE(E110:G110) -> 0
A111: 3549 | B111: KEMAL YALÇIN | C111: OPENEND | D111: Open End Takım Lideri | E111: 0 | F111: 0 | G111: 0 | H111: =AVERAGE(E111:G111) -> 0
... A138: 3802 | B138: TURGAY ARSLAN | C138: İHSARAT | D138: İhsarat Operatörü | E138: 0 | F138: 0 | G138: 0 | H138: =AVERAGE(E138:G138) -> 0
A139: 3805 | B139: ŞEYDA ÖZ | C139: RİNG BOBİN | D139: Ring Bobin Takım Lideri | E139: 0 | F139: 0 | G139: 0 | H139: =AVERAGE(E139:F139) -> 0
A140: 3807 | B140: HASAN TUFAN GÖÇTÜ | C140: MEKANİK BAKIM | D140: Mekanik Bakım Operatörü | E140: 0 | F140: 0 | G140: 0 | H140: =AVERAGE(E140:G140) -> 0
A141: 3808 | B141: OSMAN YILDIRIM | C141: MİX PRESE-PAMUK | D141: Mix Press-Pamuk Hattı Balya Açma Opr | E141: 0 | F141: 0 | G141: 0 | H141: =AVERAGE(E141:G141) -> 0
A142: 3825 | B142: NURAN ÖZÇELİK | C142: RİNG BOBİN | D142: Ring Bobin Operatörü | E142: 0 | F142: 0 | G142: 0 | H142: =AVERAGE(E142:G142) -> 0
A143: 3830 | B143: FADİME YEŞİLYURT | C143: RİNG BOBİN | D143: Ring Bobin Operatörü | E143: 0 | F143: 0 | G143: 0 | H143: =AVERAGE(E143:G143) -> 0
A144: 3844 | B144: HAKAN AYYILDIZ | C144: MEKANİK BAKIM | D144: Mekanik Bakım Operatörü | E144: 0 | F144: 0 | G144: 0 | H144: =AVERAGE(E144:G144) -> 0
A145: 3847 | B145: ALİ NAME | C145: KATLAMA BÜKÜM | D145: Katlama Büküm Operatörü | E145: 0 | F145: 0 | G145: 0 | H145: =AVERAGE(E145:G145) -> 0
A146: 3848 | B146: MAHMUT KURT | C146: OPENEND | D146: Opend End Operatörü | E146: 0 | F146: 0 | G146: 0 | H146: =AVERAGE(E146:G146) -> 0
A147: 3850 | B147: HALİL ÖZCAN | C147: OPENEND | D147: Opend End Operatörü | E147: 0 | F147: 0 | G147: 0 | H147: =AVERAGE(E147:G147) -> 0
A148: 3864 | B148: ÜMMÜGÜLSÜM AKŞİT | C148: RİNG BOBİN | D148: Ring Bobin Operatörü | E148: 0 | F148: 0 | G148: 0 | H148: =AVERAGE(E148:G148) -> 0
A149: 3868 | B149: SEVCAN SAYUR | C149: RİNG BOBİN | D149: Ring Bobin Takım Lideri Yardımcısı | E149: 0 | F149: 0 | G149: 0 | H149: =AVERAGE(E149:F149) -> 0
A150: 3875 | B150: ZEYNEP DURCAN | C150: RİNG BOBİN | D150: Ring Bobin Operatörü | E150: 0 | F150: 0 | G150: 0 | H150: =AVERAGE(E150:G150) -> 0
A151: 3878 | B151: İBRAHİM KURT | C151: KATLAMA BÜKÜM | D151: Katlama Büküm Operatörü | E151: 0 | F151: 0 | G151: 0 | H151: =AVERAGE(E151:G151) -> 0
A152: 3886 | B152: MAHSUM KOÇ | C152: İHSARAT | D152: İhsarat Operatörü | E152: 0 | F152: 0 | G152: 0 | H152: =AVERAGE(E152:G152) -> 0
A153: 3911 | B153: AKIN DOĞAN | C153: MİX PRESE-PAMUK | D153: Pamuk Mix Prese Takım Lideri | E153: 100 | F153: 0 | G153: 0 | H153: =AVERAGE(E153:G153) -> 33.333333
A154: 3913 | B154: MUSTAFA ÇANAK | C154: İHSARAT | D154: İhsarat Operatörü | E154: 0 | F154: 0 | G154: 0 | H154: =AVERAGE(E154:G154) -> 0
A155: 3927 | B155: ÖZCAN EKİZ | C155: İHSARAT | D155: İhsarat Operatörü | E155: 0 | F155: 0 | G155: 0 | H155: =AVERAGE(E155:G155) -> 0
A156: 3930 | B156: İBRAHİM TANER | C156: KALİTE | D156: Proses Kontrol Operatörü | E156: 100 | F156: 0 | G156: 100 | H156: =AVERAGE(E156:G156) -> 66.666667
A157: 3936 | B157: ZEHRA ÖZEN | C157: RİNG BOBİN | D157: Ring Bobin Operatörü | E157: 0 | F157: 0 | G157: 0 | H157: =AVERAGE(E157:G157) -> 0
A158: 3939 | B158: YASEMİN DURGUT | C158: RİNG BOBİN | D158: Ring Bobin Operatörü | E158: 0 | F158: 0 | G158: 0 | H158: =AVERAGE(E158:G158) -> 0
A159: 3941 | B159: HAKAN KARABOĞA | C159: İHSARAT | D159: İhsarat Operatörü | E159: 0 | F159: 0 | G159: 0 | H159: =AVERAGE(E159:G159) -> 0
A160: 3958 | B160: DUDU UZUN | C160: RİNG BOBİN | D160: Ring Bobin Operatörü | E160: 0 | F160: 0 | G160: 0 | H160: =AVERAGE(E160:G160) -> 0
A161: 3983 | B161: MURAT ÇETİN | C161: İHSARAT | D161: İhsarat Operatörü | E161: 0 | F161: 0 | G161: 0 | H161: =AVERAGE(E161:G161) -> 0
... A303: 5317 | B303: HALİL DEMİRBİLEK | C303: İHSARAT | D303: İhsarat Operatörü | E303: 0 | F303: 0 | G303: 0 | H303: =AVERAGE(E303:G303) -> 0

Sheet Hata Kartı 
A1: Sicil No | B1: Personel Adı Soyadı | C1: Bölüm | D1: Pozisyon | E1: Oca | F1: Şub | G1: Mar | H1: ORTALAMA
A2: 12 | B2: COŞKUN TEKİNASLAN | C2: İHSARAT | D2: İhsarat Grup Lideri | E2: 0 | F2: 0 | G2: 0 | H2: =AVERAGE(E2:G2) -> 0
A3: 15 | B3: MURAT MENTEŞOĞLU | C3: RİNG BOBİN | D3: Üretim Ekip Lideri | E3: 0 | F3: 50 | G3: 0 | H3: =AVERAGE(E3:G3) -> 16.666667
A4: 39 | B4: ŞAHİN ŞAHİN | C4: MEKANİK BAKIM | D4: Bakım Ekip Lideri | E4: 0 | F4: 0 | G4: 0 | H4: =AVERAGE(E4:G4) -> 0
A5: 49 | B5: RAMAZAN BALCI | C5: İHSARAT | D5: İhsarat Grup Lideri | E5: 0 | F5: 0 | G5: 0 | H5: =AVERAGE(E5:G5) -> 0
A6: 52 | B6: YAVUZ YILMAM | C6: RİNG BOBİN | D6: Ring Bobin Setup Operatörü | E6: 0 | F6: 0 | G6: 0 | H6: =AVERAGE(E6:G6) -> 0
A7: 57 | B7: MUHAMMED GÜMÜŞ | C7: MEKANİK BAKIM | D7: Mekanik Bakım Takım Lideri Yardımcısı | E7: 100 | F7: 100 | G7: 0 | H7: =AVERAGE(E7:G7) -> 66.666667
A8: 64 | B8: MAHMUT MENTEŞ | C8: ENERJİ BAKIM | D8: Bakım Ekip Lideri | E8: 0 | F8: 50 | G8: 0 | H8: =AVERAGE(E8:G8) -> 16.666667
A9: 72 | B9: MEHMET KÖSE | C9: RİNG BOBİN TEMİZLİK | D9: Makine Temizlik Takım Lideri | E9: 100 | F9: 100 | G9: 100 | H9: =AVERAGE(E9:G9) -> 100
A10: 73 | B10: VEYSAL DURMUŞ | C10: RİNG BOBİN | D10: Ring Bobin Setup Operatörü | E10: 0 | F10: 0 | G10: 0 | H10: =AVERAGE(E10:G10) -> 0
A11: 74 | B11: AKIN ÖZTÜRK | C11: MEKANİK BAKIM | D11: Bakım Ekip Lideri | E11: 0 | F11: 0 | G11: 0 | H11: =AVERAGE(E11:G11) -> 0
A12: 79 | B12: AHMET YÖRÜK | C12: İHSARAT | D12: İhsarat Grup Lideri | E12: 0 | F12: 0 | G12: 0 | H12: =AVERAGE(E12:G12) -> 0
A13: 81 | B13: NURETTİN YILMAM | C13: AMBALAJ | D13: Paketleme Ambalaj Takım Lideri | E13: 0 | F13: 0 | G13: 100 | H13: =AVERAGE(E13:G13) -> 33.333333
... A20: 108 | B20: MUSTAFA EMREM | C20: MEKANİK BAKIM | D20: Mekanik Bakım Takım Lideri | E20: 0 | F20: 0 | G20: 0 | H20: =AVERAGE(E20:G20) -> 0
A21: 109 | B21: RECAİ ELİUZ | C21: RİNG BOBİN | D21: Ring Bobin Setup Takım Lideri Yardımcısı | E21: 0 | F21: 100 | G21: 0 | H21: =AVERAGE(E21:F21) -> 50
A22: 112 | B22: ALİ DİNGER | C22: ENERJİ BAKIM | D22: Elektrik Bakım Takım Lideri | E22: 0 | F22: 0 | G22: 0 | H22: =AVERAGE(E22:G22) -> 0
A23: 113 | B23: MEHMET KÖK | C23: KALİTE | D23: Rektefiye Operatörü | E23: 100 | F23: 0 | G23: 100 | H23: =AVERAGE(E23:G23) -> 66.666667
A24: 120 | B24: ÜMİT ALTINTAŞ | C24: RİNG BOBİN | D24: Ring Bobin Setup Operatörü | E24: 0 | F24: 100 | G24: 0 | H24: =AVERAGE(E24:G24) -> 33.333333
A25: 123 | B25: MUSTAFA BERBEROĞLU | C25: İHSARAT | D25: İhsarat Grup Lideri | E25: 0 | F25: 100 | G25: 0 | H25: =AVERAGE(E25:G25) -> 33.333333
A26: 124 | B26: ALİ KÜÇÜK | C26: AMBALAJ | D26: Paketleme Ambalaj Takım Lideri Yardımcısı | E26: 100 | F26: 100 | G26: 100 | H26: =AVERAGE(E26:G26) -> 100
A27: 125 | B27: RAMAZAN ÖZDEMİR | C27: KALİTE | D27: Proses Kontrol Operatörü | E27: 100 | F27: 100 | G27: 100 | H27: =AVERAGE(E27:G27) -> 100
A28: 129 | B28: ADNAN DAĞLI | C28: KATLAMA BÜKÜM | D28: Katlama Büküm Operatörü | E28: 100 | F28: 100 | G28: 50 | H28: =AVERAGE(E28:G28) -> 83.333333
A29: 131 | B29: ÖZCAN TAŞÇI | C29: RİNG BOBİN | D29: Ring Bobin Setup Takım Lideri | E29: 100 | F29: 0 | G29: 0 | H29: =AVERAGE(E29:F29) -> 50
A30: 135 | B30: REMZİ YAVUZ | C30: KALİTE | D30: Proses Kontrol Operatörü | E30: 100 | F30: 100 | G30: 0 | H30: =AVERAGE(E30:G30) -> 66.666667
A31: 138 | B31: YUSUF SARIOĞLU | C31: KATLAMA BÜKÜM | D31: Katlama Büküm Operatörü | E31: 0 | F31: 0 | G31: 0 | H31: =AVERAGE(E31:G31) -> 0
A32: 146 | B32: VELİ ŞAHBUDAK | C32: KATLAMA BÜKÜM | D32: Katlama Büküm Operatörü | E32: 0 | F32: 0 | G32: 0 | H32: =AVERAGE(E32:G32) -> 0
A33: 149 | B33: POLAT VURAL | C33: İHSARAT | D33: İhsarat Operatörü | E33: 0 | F33: 0 | G33: 0 | H33: =AVERAGE(E33:G33) -> 0
A34: 153 | B34: OSMAN ÇELİK | C34: OPENEND | D34: Open End Katlama Büküm Grup Lideri | E34: 0 | F34: 0 | G34: 0 | H34: =AVERAGE(E34:G34) -> 0
A35: 165 | B35: HALİL DURAN | C35: İHSARAT | D35: İhsarat Takım Lideri Yardımcısı | E35: 100 | F35: 0 | G35: 50 | H35: =AVERAGE(E35:G35) -> 50
A36: 171 | B36: MUHTEREM YAVUZ | C36: İHSARAT | D36: İhsarat Operatörü | E36: 0 | F36: 0 | G36: 0 | H36: =AVERAGE(E36:G36) -> 0
A37: 215 | B37: AHMET ŞENAY | C37: RİNG BOBİN | D37: Ring Bobin Grup Lideri | E37: 50 | F37: 0 | G37: 0 | H37: =AVERAGE(E37:G37) -> 16.666667
A38: 218 | B38: GÜNAY ERİN | C38: RİNG BOBİN | D38: Ring Bobin Operatörü | E38: 100 | F38: 100 | G38: 100 | H38: =AVERAGE(E38:G38) -> 100
A39: 219 | B39: MUSTAFA BALIK | C39: RİNG BOBİN | D39: Ring Bobin Setup Operatörü | E39: 0 | F39: 50 | G39: 0 | H39: =AVERAGE(E39:G39) -> 16.666667
A40: 225 | B40: SÜLEYMAN YILDIRIM | C40: RİNG BOBİN | D40: Open End Ring Bobin ve Setup Lideri | E40: 100 | F40: 50 | G40: 0 | H40: =AVERAGE(E40:F40) -> 75
A41: 227 | B41: ZÜHTÜ GÜNDAĞ | C41: RİNG BOBİN | D41: Ring Bobin Setup Operatörü | E41: 50 | F41: 100 | G41: 0 | H41: =AVERAGE(E41:G41) -> 50
A42: 230 | B42: İLYAS ORHAN | C42: OPENEND | D42: Open End Katlama Büküm Grup Lideri | E42: 0 | F42: 0 | G42: 0 | H42: =AVERAGE(E42:G42) -> 0
A43: 231 | B43: ŞEVKİ DEMİR | C43: RİNG BOBİN | D43: Ring Bobin Setup Operatörü | E43: 100 | F43: 100 | G43: 0 | H43: =AVERAGE(E43:G43) -> 66.666667
A44: 239 | B44: ÜMİT ÇOBAN | C44: MİX PRESE-PAMUK | D44: Pamuk Mix Prese Takım Lideri | E44: 100 | F44: 0 | G44: 0 | H44: =AVERAGE(E44:G44) -> 33.333333
A45: 248 | B45: TUNCAY BAYAM | C45: RİNG BOBİN | D45: Ring Bobin Setup Operatörü | E45: 0 | F45: 100 | G45: 0 | H45: =AVERAGE(E45:G45) -> 33.333333
A46: 253 | B46: AHMET MULCAR | C46: RİNG BOBİN | D46: Open End Ring Bobin ve Setup Lideri | E46: 50 | F46: 0 | G46: 0 | H46: =AVERAGE(E46:G46) -> 16.666667
A47: 254 | B47: SERKAN ACAR | C47: RİNG BOBİN | D47: Ring Bobin Grup Lideri | E47: 0 | F47: 0 | G47: 100 | H47: =AVERAGE(E47:G47) -> 33.333333
A48: 261 | B48: YETİŞ MENTEŞ | C48: KALİTE | D48: Kalite Takım Lideri Yardımcısı | E48: 0 | F48: 50 | G48: 0 | H48: =AVERAGE(E48:G48) -> 16.666667
A49: 276 | B49: MEHMET YİTİK | C49: MİX PRESE-PAMUK | D49: Pamuk Mix Prese Takım Lideri | E49: 0 | F49: 0 | G49: 100 | H49: =AVERAGE(E49:G49) -> 33.333333
A50: 279 | B50: SELİM AKKOYUN | C50: RİNG BOBİN | D50: Ring Bobin Setup Takım Lideri | E50: 0 | F50: 0 | G50: 0 | H50: =AVERAGE(E50:G50) -> 0
A51: 300 | B51: DURMUŞ KAHYA | C51: RİNG BOBİN | D51: Ring Bobin Setup Takım Lideri | E51: 50 | F51: 100 | G51: 50 | H51: =AVERAGE(E51:G51) -> 66.666667
A52: 309 | B52: HALİL DENİZ | C52: İHSARAT | D52: İhsarat Operatörü | E52: 0 | F52: 0 | G52: 0 | H52: =AVERAGE(E52:G52) -> 0
... A98: 3351 | B98: HALİL MAN | C98: İHSARAT | D98: İhsarat Operatörü | E98: 0 | F98: 0 | G98: 0 | H98: =AVERAGE(E98:G98) -> 0
A99: 3366 | B99: SİNAN BANAZ | C99: RİNG BOBİN | D99: Open End Ring Bobin ve Setup Lideri | E99: 0 | F99: 100 | G99: 0 | H99: =AVERAGE(E99:F99) -> 50
A100: 3410 | B100: DENİZ BURHAN | C100: RİNG BOBİN TEMİZLİK | D100: Makine Temizlik Takım Lideri Yardımcısı | E100: 0 | F100: 100 | G100: 100 | H100: =AVERAGE(E100:G100) -> 66.666667
A101: 3412 | B101: AYKUT YILDIZ | C101: KALİTE | D101: Laborant | E101: 100 | F101: 100 | G101: 100 | H101: =AVERAGE(E101:G101) -> 100
A102: 3438 | B102: AYDIN ÇAĞLAYAN | C102: İHSARAT | D102: İhsarat Takım Lideri | E102: 0 | F102: 0 | G102: 100 | H102: =AVERAGE(E102:G102) -> 33.333333
A103: 3443 | B103: ELİF ÇAKMAK | C103: RİNG BOBİN | D103: Ring Bobin Operatörü | E103: 0 | F103: 50 | G103: 0 | H103: =AVERAGE(E103:G103) -> 16.666667
A104: 3458 | B104: MEHMET ŞENGÜL | C104: RİNG BOBİN | D104: Fitil Sıyırma Operatörü | E104: 0 | F104: 0 | G104: 0 | H104: =AVERAGE(E104:G104) -> 0
A105: 3463 | B105: RAMAZAN ÖZGEN | C105: ENERJİ BAKIM | D105: Klima Bakım Takım Lideri | E105: 0 | F105: 0 | G105: 0 | H105: =AVERAGE(E105:G105) -> 0
A106: 3468 | B106: ŞÜKRÜ MERSİN | C106: OPENEND | D106: Opend End Operatörü | E106: 0 | F106: 0 | G106: 0 | H106: =AVERAGE(E106:G106) -> 0
A107: 3482 | B107: URKİYE SÜMENOĞLU | C107: RİNG BOBİN | D107: Ring Bobin Operatörü | E107: 0 | F107: 50 | G107: 0 | H107: =AVERAGE(E107:G107) -> 16.666667
A108: 3486 | B108: HASAN ÇAKIR | C108: ENERJİ BAKIM | D108: Elektrik Bakım Operatörü | E108: 0 | F108: 100 | G108: 100 | H108: =AVERAGE(E108:G108) -> 66.666667
A109: 3502 | B109: SEVGİ KILINÇ | C109: RİNG BOBİN | D109: Ring Bobin Operatörü | E109: 100 | F109: 100 | G109: 0 | H109: =AVERAGE(E109:G109) -> 66.666667
A110: 3522 | B110: GÜLBİYE ÇELİK | C110: KATLAMA BÜKÜM | D110: Katlama Büküm Operatörü | E110: 50 | F110: 0 | G110: 50 | H110: =AVERAGE(E110:G110) -> 33.333333
A111: 3549 | B111: KEMAL YALÇIN | C111: OPENEND | D111: Open End Takım Lideri | E111: 50 | F111: 0 | G111: 0 | H111: =AVERAGE(E111:G111) -> 16.666667
... A138: 3802 | B138: TURGAY ARSLAN | C138: İHSARAT | D138: İhsarat Operatörü | E138: 0 | F138: 0 | G138: 0 | H138: =AVERAGE(E138:G138) -> 0
A139: 3805 | B139: ŞEYDA ÖZ | C139: RİNG BOBİN | D139: Ring Bobin Takım Lideri | E139: 0 | F139: 100 | G139: 0 | H139: =AVERAGE(E139:F139) -> 50
A140: 3807 | B140: HASAN TUFAN GÖÇTÜ | C140: MEKANİK BAKIM | D140: Mekanik Bakım Operatörü | E140: 0 | F140: 100 | G140: 0 | H140: =AVERAGE(E140:G140) -> 33.333333
A141: 3808 | B141: OSMAN YILDIRIM | C141: MİX PRESE-PAMUK | D141: Mix Press-Pamuk Hattı Balya Açma Opr | E141: 0 | F141: 0 | G141: 0 | H141: =AVERAGE(E141:G141) -> 0
A142: 3825 | B142: NURAN ÖZÇELİK | C142: RİNG BOBİN | D142: Ring Bobin Operatörü | E142: 50 | F142: 0 | G142: 0 | H142: =AVERAGE(E142:G142) -> 16.666667
A143: 3830 | B143: FADİME YEŞİLYURT | C143: RİNG BOBİN | D143: Ring Bobin Operatörü | E143: 50 | F143: 100 | G143: 50 | H143: =AVERAGE(E143:G143) -> 66.666667
A144: 3844 | B144: HAKAN AYYILDIZ | C144: MEKANİK BAKIM | D144: Mekanik Bakım Operatörü | E144: 0 | F144: 0 | G144: 50 | H144: =AVERAGE(E144:G144) -> 16.666667
A145: 3847 | B145: ALİ NAME | C145: KATLAMA BÜKÜM | D145: Katlama Büküm Operatörü | E145: 0 | F145: 0 | G145: 0 | H145: =AVERAGE(E145:G145) -> 0
A146: 3848 | B146: MAHMUT KURT | C146: OPENEND | D146: Opend End Operatörü | E146: 0 | F146: 100 | G146: 100 | H146: =AVERAGE(E146:G146) -> 66.666667
A147: 3850 | B147: HALİL ÖZCAN | C147: OPENEND | D147: Opend End Operatörü | E147: 0 | F147: 0 | G147: 0 | H147: =AVERAGE(E147:G147) -> 0
A148: 3864 | B148: ÜMMÜGÜLSÜM AKŞİT | C148: RİNG BOBİN | D148: Ring Bobin Operatörü | E148: 0 | F148: 100 | G148: 0 | H148: =AVERAGE(E148:G148) -> 33.333333
A149: 3868 | B149: SEVCAN SAYUR | C149: RİNG BOBİN | D149: Ring Bobin Takım Lideri Yardımcısı | E149: 50 | F149: 100 | G149: 0 | H149: =AVERAGE(E149:F149) -> 75
A150: 3875 | B150: ZEYNEP DURCAN | C150: RİNG BOBİN | D150: Ring Bobin Operatörü | E150: 0 | F150: 50 | G150: 0 | H150: =AVERAGE(E150:G150) -> 16.666667
A151: 3878 | B151: İBRAHİM KURT | C151: KATLAMA BÜKÜM | D151: Katlama Büküm Operatörü | E151: 100 | F151: 100 | G151: 100 | H151: =AVERAGE(E151:G151) -> 100
A152: 3886 | B152: MAHSUM KOÇ | C152: İHSARAT | D152: İhsarat Operatörü | E152: 0 | F152: 0 | G152: 0 | H152: =AVERAGE(E152:G152) -> 0
A153: 3911 | B153: AKIN DOĞAN | C153: MİX PRESE-PAMUK | D153: Pamuk Mix Prese Takım Lideri | E153: 100 | F153: 100 | G153: 0 | H153: =AVERAGE(E153:G153) -> 66.666667
A154: 3913 | B154: MUSTAFA ÇANAK | C154: İHSARAT | D154: İhsarat Operatörü | E154: 0 | F154: 0 | G154: 100 | H154: =AVERAGE(E154:G154) -> 33.333333
A155: 3927 | B155: ÖZCAN EKİZ | C155: İHSARAT | D155: İhsarat Operatörü | E155: 0 | F155: 0 | G155: 0 | H155: =AVERAGE(E155:G155) -> 0
A156: 3930 | B156: İBRAHİM TANER | C156: KALİTE | D156: Proses Kontrol Operatörü | E156: 100 | F156: 100 | G156: 100 | H156: =AVERAGE(E156:G156) -> 100
A157: 3936 | B157: ZEHRA ÖZEN | C157: RİNG BOBİN | D157: Ring Bobin Operatörü | E157: 0 | F157: 50 | G157: 0 | H157: =AVERAGE(E157:G157) -> 16.666667
A158: 3939 | B158: YASEMİN DURGUT | C158: RİNG BOBİN | D158: Ring Bobin Operatörü | E158: 0 | F158: 0 | G158: 0 | H158: =AVERAGE(E158:G158) -> 0
A159: 3941 | B159: HAKAN KARABOĞA | C159: İHSARAT | D159: İhsarat Operatörü | E159: 0 | F159: 0 | G159: 0 | H159: =AVERAGE(E159:G159) -> 0
A160: 3958 | B160: DUDU UZUN | C160: RİNG BOBİN | D160: Ring Bobin Operatörü | E160: 0 | F160: 100 | G160: 0 | H160: =AVERAGE(E160:G160) -> 33.333333
A161: 3983 | B161: MURAT ÇETİN | C161: İHSARAT | D161: İhsarat Operatörü | E161: 0 | F161: 0 | G161: 0 | H161: =AVERAGE(E161:G161) -> 0
... A319: 5340 | B319: MİNE KARAMÜRSEL | C319: RİNG BOBİN | D319: Ring Bobin Operatörü | E319: 0 | F319: 0 | G319: 0 | H319: =AVERAGE(E319:G319) -> 0

Sheet Aralıklar
A2: İSG | E2: MAZERETSİZ | I2: HASTA | M2: ÜCRETSİZ İZİN
A3: Baş. | B3: Bitiş | C3: Puan | E3: Baş. | F3: Bitiş | G3: Puan | I3: Baş. | J3: Bitiş | K3: Puan | M3: Baş. | N3: Bitiş | O3: Puan
A4: 0 | B4: 0 | C4: 100 | E4: 0 | F4: 0 | G4: 1 | I4: 0 | J4: 3 | K4: 50 | M4: 0 | N4: 1 | O4: 50
A5: 0.01 | B5: 100 | C5: 0 | E5: 0.01 | F5: 90 | G5: 0 | I5: 3.01 | J5: 6 | K5: 25 | M5: 1.01 | N5: 2 | O5: 25
I6: 6.01 | J6: 90 | K6: 0 | M6: 2.01 | N6: 90 | O6: 0

Sheet 5S
B7: BÖLÜM | C7: HEDEF | D7: GERÇEKLEŞEN | E7: GERÇEK / HEDEF | G7: BÖLÜM 5S PUAN ARALIK
B8: AMBALAJ | C8: 50 | D8: 50 | E8: =D8/C8 -> 1 | G8: BAŞ | H8: BİTİŞ | I8: PUAN
B9: ENERJİ | C9: 60 | D9: 60 | E9: =D9/C9 -> 1 | G9: 0 | H9: 0 | I9: 0
B10: LOJİSTİK | C10: 60 | D10: 60 | E10: =D10/C10 -> 1 | G10: 0.01 | H10: 0.24 | I10: 10
B11: İHSARAT | C11: 50 | D11: 50 | E11: =D11/C11 -> 1 | G11: 0.25 | H11: 0.49 | I11: 30
B12: RİNG BOBİN | C12: 60 | D12: 60 | E12: =D12/C12 -> 1 | G12: 0.5 | H12: 0.74 | I12: 50
B13: MEKANİK | C13: 30 | D13: 30 | E13: =D13/C13 -> 1 | G13: 0.75 | H13: 0.89 | I13: 70
B14: MAKİNE TEMİZLİK | C14: 60 | D14: 60 | E14: =D14/C14 -> 1 | G14: 0.9 | H14: 1 | I14: 100
B15: KATLAMA BÜKÜM | C15: 60 | D15: 60 | E15: =D15/C15 -> 1
B16: KALİTE | C16: 60 | D16: 60 | E16: =D16/C16 -> 1
B17: OPENEND | C17: 45 | D17: 45 | E17: =D17/C17 -> 1
B18: TEMİZLİK | C18: 70 | D18: 70 | E18: =D18/C18 -> 1
B19: MİX PAMUK | C19: 50 | D19: 50 | E19: =D19/C19 -> 1

Sheet OEE
A2: Başlangıç | B2: Bitiş | C2: Puanı | E2: Bölüm | F2: HEDEF | G2: GERÇEKLEŞEN | H2: GERÇEKLEŞTİRME/HEDEF | I2: OEE KATSAYISI | J2: AĞIRLIK KATSAYISI | K2: AĞIRLIK ORTALAMA
E3: SS | F3: 93.5 | G3: 93.5 | H3: =G3/F3 -> 1 | I3: =VLOOKUP(H3,A2:C11,3,1) -> 100 | J3: 0.85 | K3: =I3*J3 -> 85
A4: 0 | B4: 0.971 | C4: 0 | E4: OE | F4: 70 | G4: 70 | H4: =G4/F4 -> 1 | I4: =VLOOKUP(H4,A3:C12,3,1) -> 100 | J4: 0.1 | K4: =I4*J4 -> 10
A5: 0.972 | B5: 0.977 | C5: 10 | E5: BÜKÜM | F5: 93.5 | G5: 93.5 | H5: =G5/F5 -> 1 | I5: =VLOOKUP(H5,A4:C13,3,1) -> 100 | J5: 0.05 | K5: =I5*J5 -> 5
A6: 0.978 | B6: 0.982 | C6: 30 | J6: OEE PUAN | K6: =SUM(K3:K5) -> 100
A7: 0.983 | B7: 0.987 | C7: 50
A8: 0.988 | B8: 0.993 | C8: 70
A9: 0.994 | B9: 0.999 | C9: 90
A10: 1 | B10: 5 | C10: 100

Sheet TELEF
A1: TELEF
A2: başlangıç | B2: bitiş | C2: Katsayısı
A4: 0 | B4: 1.054 | C4: 100
A5: 1.055 | B5: 1.08 | C5: 90 | E5: Bölüm | F5: HEDEF | G5: GERÇEKLEŞEN | H5: GERÇEK / HEDEF | I5: TELEF KATSAYISI
A6: 1.081 | B6: 1.106 | C6: 80 | E6: Fitil Açma Telefi (PK) Miktarı % | F6: 0.09
A7: 1.107 | B7: 1.133 | C7: 60 | E7: Pnömofil Telefi (PK) Miktarı % | F7: 0.92
A8: 1.134 | B8: 1.159 | C8: 40 | E8: Üstübü Telefi (PU) Miktarı % | F8: 0.81
A9: 1.16 | B9: 1.21 | C9: 15 | E9: Kops Sıyırma Telefi (PU) Miktarı % | F9: 0.17
A10: 1.2105 | B10: 1.5 | C10: 0 | E10: TOPLAM TELEF | F10: =SUM(F6:F9) -> 1.99 | G10: 1.99 | H10: =G10/F10 -> 1 | I10: =VLOOKUP(H10,A1:C11,3,1) -> 100

Sheet Sonuç
U1: 72.498494 | AA1: =AVERAGE(AA3:AA319) -> 72.512461 | AI1: =AA1 -> 72.512461
A2: Personel numarası | B2: Personel numarası | C2: İşe giriş | D2: 90 günlük periyot | E2: GÜNLÜK KATSAYISI | F2: BÖLÜM | G2: Pozisyon | H2: KADEME | I2: Kaizen | J2: Kaizen Puan | K2: Hata Kartı | L2: Hata Kartı Puan | M2: Bölüm 5S | N2: 5S Puan | O2: ISG | P2: ISG PUAN | Q2: Devamsızlık | R2: Dev.Puan | S2: Hasta | T2: Hasta Puan | U2: Ücretsiz İzin | V2: Ücretsiz İzin Puan | W2: Devamsızlık | X2: DEVAM ORANI | Y2: OEE | Z2: Telef | AA2: PERFORMANS PUANI | AB2: Pozisyon Seviyesi | AC2: Pozisyon katsayısı | AD2: Kademe Seviyesi | AE2: Kademe katsayısı | AF2: SONUÇ | AG2: GÖREV | AI2: 44651
A3: 12 | B3: COŞKUN TEKİNASLAN | C3: 33434 | D3: =IF($AI$2-C3>=90,90,$AI$2-C3) -> 90 | E3: =D3/90 -> 1 | F3: İHSARAT | G3: İhsarat Grup Lideri | H3: =VLOOKUP(A3,'Çalışan Listesi'!A:G,7,0) -> SÜPERVİZÖR | I3: =IFERROR(VLOOKUP(A3,'Kaizen Listesi'!A:H,8,0),0) -> 0 | J3: =I3*VLOOKUP($I$2,'Kriter Ağırlık'!$A$1:$B$8,2,0) -> 0 | K3: =IFERROR(VLOOKUP(A3,'Hata Kartı '!A:H,8,0),0) -> 0 | L3: =K3*(VLOOKUP($K$2,'Kriter Ağırlık'!$A$1:$B$8,2,0)) -> 0 | M3: =IFERROR(VLOOKUP(F3,'5S'!$B$8:$E$19,4,0),0) -> 1 | N3: =VLOOKUP(M3,'5S'!$G$8:$I$14,3,1)*VLOOKUP($M$2,'Kriter Ağırlık'!$A$1:$B$8,2,0)*E3*X3 -> 8 | O3: =IFERROR(VLOOKUP(A3,Devamsızlıklar!A:K,10,0),0) -> 0 | P3: =VLOOKUP(O3,Aralıklar!$A$2:$C$5,3,1)*VLOOKUP($O$2,'Kriter Ağırlık'!$A$1:$B$8,2,0)*E3*X3 -> 10 | Q3: =IFERROR(VLOOKUP(A3,Devamsızlıklar!A:K,8,0),0) -> 0 | R3: =VLOOKUP(Q3,Aralıklar!$E$2:$G$5,3,1) -> 1 | S3: =IFERROR(VLOOKUP(A3,Devamsızlıklar!A:K,9,0),0) -> 0 | T3: =VLOOKUP(S3,Aralıklar!$I$2:$K$6,3,1) -> 50 | U3: =IFERROR(VLOOKUP(A3,Devamsızlıklar!A:K,11,0),0) -> 0 | V3: =VLOOKUP(U3,Aralıklar!$M$2:$O$6,3,1) -> 50 | W3: =IF(X3=0,0,(T3+V3)*R3*VLOOKUP($W$2,'Kriter Ağırlık'!$A$1:$B$8,2,1)*E3) -> 10 | X3: =IFERROR(VLOOKUP(A3,Devamsızlıklar!A:M,13,0),1) -> 1 | Y3: =(OEE!$K$6*VLOOKUP($Y$2,'Kriter Ağırlık'!$A$1:$B$8,2,1))*X3*E3 -> 35 | Z3: =(TELEF!$I$10*VLOOKUP($Z$2,'Kriter Ağırlık'!$A$1:$B$8,2,1))*X3*E3 -> 15 | AA3: =J3+L3+N3+P3+W3+Y3+Z3 -> 78 | AB3: 2 | AC3: =VLOOKUP(AB3,'Kriter Ağırlık'!$A$12:$C$17,3,0) -> 0 | AD3: 1 | AE3: =VLOOKUP(AD3,'Kriter Ağırlık'!$E$12:$G$24,3,0) -> 1 | AF3: =AA3*AC3*AE3 -> 0 | AG3: =VLOOKUP(A3,'Çalışan Listesi'!A:G,6,0) -> GRUP LİDERİ
A4: 15 | B4: MURAT MENTEŞOĞLU | C4: 33451 | D4: =IF($AI$2-C4>=90,90,$AI$2-C4) -> 90 | E4: =D4/90 -> 1 | F4: ÜRETİM | G4: Üretim Ekip Lideri | H4: =VLOOKUP(A4,'Çalışan Listesi'!A:G,7,0) -> EKİP LİDERİ | I4: =IFERROR(VLOOKUP(A4,'Kaizen Listesi'!A:H,8,0),0) -> 0 | J4: =I4*VLOOKUP($I$2,'Kriter Ağırlık'!$A$1:$B$8,2,0) -> 0 | K4: =IFERROR(VLOOKUP(A4,'Hata Kartı '!A:H,8,0),0) -> 16.666667 | L4: =K4*(VLOOKUP($K$2,'Kriter Ağırlık'!$A$1:$B$8,2,0)) -> 1.6666667 | M4: =IFERROR(VLOOKUP(F4,'5S'!$B$8:$E$19,4,0),0) -> 0 | N4: =VLOOKUP(M4,'5S'!$G$8:$I$14,3,1)*VLOOKUP($M$2,'Kriter Ağırlık'!$A$1:$B$8,2,0)*E4*X4 -> 0 | O4: =IFERROR(VLOOKUP(A4,Devamsızlıklar!A:K,10,0),0) -> 0 | P4: =VLOOKUP(O4,Aralıklar!$A$2:$C$5,3,1)*VLOOKUP($O$2,'Kriter Ağırlık'!$A$1:$B$8,2,0)*E4*X4 -> 10 | Q4: =IFERROR(VLOOKUP(A4,Devamsızlıklar!A:K,8,0),0) -> 0 | R4: =VLOOKUP(Q4,Aralıklar!$E$2:$G$5,3,1) -> 1 | S4: =IFERROR(VLOOKUP(A4,Devamsızlıklar!A:K,9,0),0) -> 0 | T4: =VLOOKUP(S4,Aralıklar!$I$2:$K$6,3,1) -> 50 | U4: =IFERROR(VLOOKUP(A4,Devamsızlıklar!A:K,11,0),0) -> 0 | V4: =VLOOKUP(U4,Aralıklar!$M$2:$O$6,3,1) -> 50 | W4: =IF(X4=0,0,(T4+V4)*R4*VLOOKUP($W$2,'Kriter Ağırlık'!$A$1:$B$8,2,1)*E4) -> 10 | X4: =IFERROR(VLOOKUP(A4,Devamsızlıklar!A:M,13,0),1) -> 1 | Y4: =(OEE!$K$6*VLOOKUP($Y$2,'Kriter Ağırlık'!$A$1:$B$8,2,1))*X4*E4 -> 35 | Z4: =(TELEF!$I$10*VLOOKUP($Z$2,'Kriter Ağırlık'!$A$1:$B$8,2,1))*X4*E4 -> 15 | AA4: =J4+L4+N4+P4+W4+Y4+Z4 -> 71.666667 | AB4: 1 | AC4: =VLOOKUP(AB4,'Kriter Ağırlık'!$A$12:$C$17,3,0) -> 0 | AD4: 1 | AE4: =VLOOKUP(AD4,'Kriter Ağırlık'!$E$12:$G$24,3,0) -> 1 | AF4: =AA4*AC4*AE4 -> 0 | AG4: =VLOOKUP(A4,'Çalışan Listesi'!A:G,6,0) -> ŞEF LİDER
A5: 39 | B5: ŞAHİN ŞAHİN | C5: 42954 | D5: =IF($AI$2-C5>=90,90,$AI$2-C5) -> 90 | E5: =D5/90 -> 1 | F5: MEKANİK | G5: Bakım Ekip Lideri | H5: =VLOOKUP(A5,'Çalışan Listesi'!A:G,7,0) -> EKİP LİDERİ | I5: =IFERROR(VLOOKUP(A5,'Kaizen Listesi'!A:H,8,0),0) -> 0 | J5: =I5*VLOOKUP($I$2,'Kriter Ağırlık'!$A$1:$B$8,2,0) -> 0 | K5: =IFERROR(VLOOKUP(A5,'Hata Kartı '!A:H,8,0),0) -> 0 | L5: =K5*(VLOOKUP($K$2,'Kriter Ağırlık'!$A$1:$B$8,2,0)) -> 0 | M5: =IFERROR(VLOOKUP(F5,'5S'!$B$8:$E$19,4,0),0) -> 1 | N5: =VLOOKUP(M5,'5S'!$G$8:$I$14,3,1)*VLOOKUP($M$2,'Kriter Ağırlık'!$A$1:$B$8,2,0)*E5*X5 -> 8 | O5: =IFERROR(VLOOKUP(A5,Devamsızlıklar!A:K,10,0),0) -> 0 | P5: =VLOOKUP(O5,Aralıklar!$A$2:$C$5,3,1)*VLOOKUP($O$2,'Kriter Ağırlık'!$A$1:$B$8,2,0)*E5*X5 -> 10 | Q5: =IFERROR(VLOOKUP(A5,Devamsızlıklar!A:K,8,0),0) -> 0 | R5: =VLOOKUP(Q5,Aralıklar!$E$2:$G$5,3,1) -> 1 | S5: =IFERROR(VLOOKUP(A5,Devamsızlıklar!A:K,9,0),0) -> 0 | T5: =VLOOKUP(S5,Aralıklar!$I$2:$K$6,3,1) -> 50 | U5: =IFERROR(VLOOKUP(A5,Devamsızlıklar!A:K,11,0),0) -> 0 | V5: =VLOOKUP(U5,Aralıklar!$M$2:$O$6,3,1) -> 50 | W5: =IF(X5=0,0,(T5+V5)*R5*VLOOKUP($W$2,'Kriter Ağırlık'!$A$1:$B$8,2,1)*E5) -> 10 | X5: =IFERROR(VLOOKUP(A5,Devamsızlıklar!A:M,13,0),1) -> 1 | Y5: =(OEE!$K$6*VLOOKUP($Y$2,'Kriter Ağırlık'!$A$1:$B$8,2,1))*X5*E5 -> 35 | Z5: =(TELEF!$I$10*VLOOKUP($Z$2,'Kriter Ağırlık'!$A$1:$B$8,2,1))*X5*E5 -> 15 | AA5: =J5+L5+N5+P5+W5+Y5+Z5 -> 78 | AB5: 1 | AC5: =VLOOKUP(AB5,'Kriter Ağırlık'!$A$12:$C$17,3,0) -> 0 | AD5: 1 | AE5: =VLOOKUP(AD5,'Kriter Ağırlık'!$E$12:$G$24,3,0) -> 1 | AF5: =AA5*AC5*AE5 -> 0 | AG5: =VLOOKUP(A5,'Çalışan Listesi'!A:G,6,0) -> ŞEF LİDER
A6: 42 | B6: ARGÜN KAPLAN | C6: 33569 | D6: =IF($AI$2-C6>=90,90,$AI$2-C6) -> 90 | E6: =D6/90 -> 1 | F6: LOJİSTİK | G6: Yükleme Boşaltma Opr. (Hammadde) | H6: =VLOOKUP(A6,'Çalışan Listesi'!A:G,7,0) -> 4.KADEME | I6: =IFERROR(VLOOKUP(A6,'Kaizen Listesi'!A:H,8,0),0) -> 0 | J6: =I6*VLOOKUP($I$2,'Kriter Ağırlık'!$A$1:$B$8,2,0) -> 0 | K6: =IFERROR(VLOOKUP(A6,'Hata Kartı '!A:H,8,0),0) -> 0 | L6: =K6*(VLOOKUP($K$2,'Kriter Ağırlık'!$A$1:$B$8,2,0)) -> 0 | M6: =IFERROR(VLOOKUP(F6,'5S'!$B$8:$E$19,4,0),0) -> 1 | N6: =VLOOKUP(M6,'5S'!$G$8:$I$14,3,1)*VLOOKUP($M$2,'Kriter Ağırlık'!$A$1:$B$8,2,0)*E6*X6 -> 8 | O6: =IFERROR(VLOOKUP(A6,Devamsızlıklar!A:K,10,0),0) -> 0 | P6: =VLOOKUP(O6,Aralıklar!$A$2:$C$5,3,1)*VLOOKUP($O$2,'Kriter Ağırlık'!$A$1:$B$8,2,0)*E6*X6 -> 10 | Q6: =IFERROR(VLOOKUP(A6,Devamsızlıklar!A:K,8,0),0) -> 0 | R6: =VLOOKUP(Q6,Aralıklar!$E$2:$G$5,3,1) -> 1 | S6: =IFERROR(VLOOKUP(A6,Devamsızlıklar!A:K,9,0),0) -> 0 | T6: =VLOOKUP(S6,Aralıklar!$I$2:$K$6,3,1) -> 50 | U6: =IFERROR(VLOOKUP(A6,Devamsızlıklar!A:K,11,0),0) -> 0 | V6: =VLOOKUP(U6,Aralıklar!$M$2:$O$6,3,1) -> 50 | W6: =IF(X6=0,0,(T6+V6)*R6*VLOOKUP($W$2,'Kriter Ağırlık'!$A$1:$B$8,2,1)*E6) -> 10 | X6: =IFERROR(VLOOKUP(A6,Devamsızlıklar!A:M,13,0),1) -> 1 | Y6: =(OEE!$K$6*VLOOKUP($Y$2,'Kriter Ağırlık'!$A$1:$B$8,2,1))*X6*E6 -> 35 | Z6: =(TELEF!$I$10*VLOOKUP($Z$2,'Kriter Ağırlık'!$A$1:$B$8,2,1))*X6*E6 -> 15 | AA6: =J6+L6+N6+P6+W6+Y6+Z6 -> 78 | AB6: 5 | AC6: =VLOOKUP(AB6,'Kriter Ağırlık'!$A$12:$C$17,3,0) -> 18.5 | AD6: 2 | AE6: =VLOOKUP(AD6,'Kriter Ağırlık'!$E$12:$G$24,3,0) -> 1.232 | AF6: =AA6*AC6*AE6 -> 1777.776 | AG6: =VLOOKUP(A6,'Çalışan Listesi'!A:G,6,0) -> OPERATÖR
A7: 49 | B7: RAMAZAN BALCI | C7: 35760 | D7: =IF($AI$2-C7>=90,90,$AI$2-C7) -> 90 | E7: =D7/90 -> 1 | F7: İHSARAT | G7: İhsarat Grup Lideri | H7: =VLOOKUP(A7,'Çalışan Listesi'!A:G,7,0) -> SÜPERVİZÖR | I7: =IFERROR(VLOOKUP(A7,'Kaizen Listesi'!A:H,8,0),0) -> 0 | J7: =I7*VLOOKUP($I$2,'Kriter Ağırlık'!$A$1:$B$8,2,0) -> 0 | K7: =IFERROR(VLOOKUP(A7,'Hata Kartı '!A:H,8,0),0) -> 0 | L7: =K7*(VLOOKUP($K$2,'Kriter Ağırlık'!$A$1:$B$8,2,0)) -> 0 | M7: =IFERROR(VLOOKUP(F7,'5S'!$B$8:$E$19,4,0),0) -> 1 | N7: =VLOOKUP(M7,'5S'!$G$8:$I$14,3,1)*VLOOKUP($M$2,'Kriter Ağırlık'!$A$1:$B$8,2,0)*E7*X7 -> 8 | O7: =IFERROR(VLOOKUP(A7,Devamsızlıklar!A:K,10,0),0) -> 0 | P7: =VLOOKUP(O7,Aralıklar!$A$2:$C$5,3,1)*VLOOKUP($O$2,'Kriter Ağırlık'!$A$1:$B$8,2,0)*E7*X7 -> 10 | Q7: =IFERROR(VLOOKUP(A7,Devamsızlıklar!A:K,8,0),0) -> 0 | R7: =VLOOKUP(Q7,Aralıklar!$E$2:$G$5,3,1) -> 1 | S7: =IFERROR(VLOOKUP(A7,Devamsızlıklar!A:K,9,0),0) -> 0 | T7: =VLOOKUP(S7,Aralıklar!$I$2:$K$6,3,1) -> 50 | U7: =IFERROR(VLOOKUP(A7,Devamsızlıklar!A:K,11,0),0) -> 0 | V7: =VLOOKUP(U7,Aralıklar!$M$2:$O$6,3,1) -> 50 | W7: =IF(X7=0,0,(T7+V7)*R7*VLOOKUP($W$2,'Kriter Ağırlık'!$A$1:$B$8,2,1)*E7) -> 10 | X7: =IFERROR(VLOOKUP(A7,Devamsızlıklar!A:M,13,0),1) -> 1 | Y7: =(OEE!$K$6*VLOOKUP($Y$2,'Kriter Ağırlık'!$A$1:$B$8,2,1))*X7*E7 -> 35 | Z7: =(TELEF!$I$10*VLOOKUP($Z$2,'Kriter Ağırlık'!$A$1:$B$8,2,1))*X7*E7 -> 15 | AA7: =J7+L7+N7+P7+W7+Y7+Z7 -> 78 | AB7: 2 | AC7: =VLOOKUP(AB7,'Kriter Ağırlık'!$A$12:$C$17,3,0) -> 0 | AD7: 1 | AE7: =VLOOKUP(AD7,'Kriter Ağırlık'!$E$12:$G$24,3,0) -> 1 | AF7: =AA7*AC7*AE7 -> 0 | AG7: =VLOOKUP(A7,'Çalışan Listesi'!A:G,6,0) -> GRUP LİDERİ
A8: 52 | B8: YAVUZ YILMAM | C8: 35962 | D8: =IF($AI$2-C8>=90,90,$AI$2-C8) -> 90 | E8: =D8/90 -> 1 | F8: RİNG BOBİN | G8: Ring Bobin Setup Operatörü | H8: =VLOOKUP(A8,'Çalışan Listesi'!A:G,7,0) -> 3.KADEME | I8: =IFERROR(VLOOKUP(A8,'Kaizen Listesi'!A:H,8,0),0) -> 0 | J8: =I8*VLOOKUP($I$2,'Kriter Ağırlık'!$A$1:$B$8,2,0) -> 0 | K8: =IFERROR(VLOOKUP(A8,'Hata Kartı '!A:H,8,0),0) -> 0 | L8: =K8*(VLOOKUP($K$2,'Kriter Ağırlık'!$A$1:$B$8,2,0)) -> 0 | M8: =IFERROR(VLOOKUP(F8,'5S'!$B$8:$E$19,4,0),0) -> 1 | N8: =VLOOKUP(M8,'5S'!$G$8:$I$14,3,1)*VLOOKUP($M$2,'Kriter Ağırlık'!$A$1:$B$8,2,0)*E8*X8 -> 8 | O8: =IFERROR(VLOOKUP(A8,Devamsızlıklar!A:K,10,0),0) -> 0 | P8: =VLOOKUP(O8,Aralıklar!$A$2:$C$5,3,1)*VLOOKUP($O$2,'Kriter Ağırlık'!$A$1:$B$8,2,0)*E8*X8 -> 10 | Q8: =IFERROR(VLOOKUP(A8,Devamsızlıklar!A:K,8,0),0) -> 0 | R8: =VLOOKUP(Q8,Aralıklar!$E$2:$G$5,3,1) -> 1 | S8: =IFERROR(VLOOKUP(A8,Devamsızlıklar!A:K,9,0),0) -> 0 | T8: =VLOOKUP(S8,Aralıklar!$I$2:$K$6,3,1) -> 50 | U8: =IFERROR(VLOOKUP(A8,Devamsızlıklar!A:K,11,0),0) -> 0 | V8: =VLOOKUP(U8,Aralıklar!$M$2:$O$6,3,1) -> 50 | W8: =IF(X8=0,0,(T8+V8)*R8*VLOOKUP($W$2,'Kriter Ağırlık'!$A$1:$B$8,2,1)*E8) -> 10 | X8: =IFERROR(VLOOKUP(A8,Devamsızlıklar!A:M,13,0),1) -> 1 | Y8: =(OEE!$K$6*VLOOKUP($Y$2,'Kriter Ağırlık'!$A$1:$B$8,2,1))*X8*E8 -> 35 | Z8: =(TELEF!$I$10*VLOOKUP($Z$2,'Kriter Ağırlık'!$A$1:$B$8,2,1))*X8*E8 -> 15 | AA8: =J8+L8+N8+P8+W8+Y8+Z8 -> 78 | AB8: 5 | AC8: =VLOOKUP(AB8,'Kriter Ağırlık'!$A$12:$C$17,3,0) -> 18.5 | AD8: 3 | AE8: =VLOOKUP(AD8,'Kriter Ağırlık'!$E$12:$G$24,3,0) -> 1.15 | AF8: =AA8*AC8*AE8 -> 1659.45 | AG8: =VLOOKUP(A8,'Çalışan Listesi'!A:G,6,0) -> OPERATÖR
A9: 57 | B9: MUHAMMED GÜMÜŞ | C9: 35485 | D9: =IF($AI$2-C9>=90,90,$AI$2-C9) -> 90 | E9: =D9/90 -> 1 | F9: MEKANİK | G9: Mekanik Bakım Takım Lideri Yardımcısı | H9: =VLOOKUP(A9,'Çalışan Listesi'!A:G,7,0) -> 3.KADEME | I9: =IFERROR(VLOOKUP(A9,'Kaizen Listesi'!A:H,8,0),0) -> 0 | J9: =I9*VLOOKUP($I$2,'Kriter Ağırlık'!$A$1:$B$8,2,0) -> 0 | K9: =IFERROR(VLOOKUP(A9,'Hata Kartı '!A:H,8,0),0) -> 66.666667 | L9: =K9*(VLOOKUP($K$2,'Kriter Ağırlık'!$A$1:$B$8,2,0)) -> 6.6666667 | M9: =IFERROR(VLOOKUP(F9,'5S'!$B$8:$E$19,4,0),0) -> 1 | N9: =VLOOKUP(M9,'5S'!$G$8:$I$14,3,1)*VLOOKUP($M$2,'Kriter Ağırlık'!$A$1:$B$8,2,0)*E9*X9 -> 8 | O9: =IFERROR(VLOOKUP(A9,Devamsızlıklar!A:K,10,0),0) -> 0 | P9: =VLOOKUP(O9,Aralıklar!$A$2:$C$5,3,1)*VLOOKUP($O$2,'Kriter Ağırlık'!$A$1:$B$8,2,0)*E9*X9 -> 10 | Q9: =IFERROR(VLOOKUP(A9,Devamsızlıklar!A:K,8,0),0) -> 0 | R9: =VLOOKUP(Q9,Aralıklar!$E$2:$G$5,3,1) -> 1 | S9: =IFERROR(VLOOKUP(A9,Devamsızlıklar!A:K,9,0),0) -> 0 | T9: =VLOOKUP(S9,Aralıklar!$I$2:$K$6,3,1) -> 50 | U9: =IFERROR(VLOOKUP(A9,Devamsızlıklar!A:K,11,0),0) -> 0 | V9: =VLOOKUP(U9,Aralıklar!$M$2:$O$6,3,1) -> 50 | W9: =IF(X9=0,0,(T9+V9)*R9*VLOOKUP($W$2,'Kriter Ağırlık'!$A$1:$B$8,2,1)*E9) -> 10 | X9: =IFERROR(VLOOKUP(A9,Devamsızlıklar!A:M,13,0),1) -> 1 | Y9: =(OEE!$K$6*VLOOKUP($Y$2,'Kriter Ağırlık'!$A$1:$B$8,2,1))*X9*E9 -> 35 | Z9: =(TELEF!$I$10*VLOOKUP($Z$2,'Kriter Ağırlık'!$A$1:$B$8,2,1))*X9*E9 -> 15 | AA9: =J9+L9+N9+P9+W9+Y9+Z9 -> 84.666667 | AB9: 4 | AC9: =VLOOKUP(AB9,'Kriter Ağırlık'!$A$12:$C$17,3,0) -> 13.5 | AD9: 1 | AE9: =VLOOKUP(AD9,'Kriter Ağırlık'!$E$12:$G$24,3,0) -> 1 | AF9: =AA9*AC9*AE9 -> 1143 | AG9: =VLOOKUP(A9,'Çalışan Listesi'!A:G,6,0) -> TAKIM LİDERİ YARDIMCISI
A10: 64 | B10: MAHMUT MENTEŞ | C10: 34506 | D10: =IF($AI$2-C10>=90,90,$AI$2-C10) -> 90 | E10: =D10/90 -> 1 | F10: ENERJİ | G10: Bakım Ekip Lideri | H10: =VLOOKUP(A10,'Çalışan Listesi'!A:G,7,0) -> EKİP LİDERİ | I10: =IFERROR(VLOOKUP(A10,'Kaizen Listesi'!A:H,8,0),0) -> 0 | J10: =I10*VLOOKUP($I$2,'Kriter Ağırlık'!$A$1:$B$8,2,0) -> 0 | K10: =IFERROR(VLOOKUP(A10,'Hata Kartı '!A:H,8,0),0) -> 16.666667 | L10: =K10*(VLOOKUP($K$2,'Kriter Ağırlık'!$A$1:$B$8,2,0)) -> 1.6666667 | M10: =IFERROR(VLOOKUP(F10,'5S'!$B$8:$E$19,4,0),0) -> 1 | N10: =VLOOKUP(M10,'5S'!$G$8:$I$14,3,1)*VLOOKUP($M$2,'Kriter Ağırlık'!$A$1:$B$8,2,0)*E10*X10 -> 7.5555556 | O10: =IFERROR(VLOOKUP(A10,Devamsızlıklar!A:K,10,0),0) -> 0 | P10: =VLOOKUP(O10,Aralıklar!$A$2:$C$5,3,1)*VLOOKUP($O$2,'Kriter Ağırlık'!$A$1:$B$8,2,0)*E10*X10 -> 9.4444444 | Q10: =IFERROR(VLOOKUP(A10,Devamsızlıklar!A:K,8,0),0) -> 0 | R10: =VLOOKUP(Q10,Aralıklar!$E$2:$G$5,3,1) -> 1 | S10: =IFERROR(VLOOKUP(A10,Devamsızlıklar!A:K,9,0),0) -> 5 | T10: =VLOOKUP(S10,Aralıklar!$I$2:$K$6,3,1) -> 25 | U10: =IFERROR(VLOOKUP(A10,Devamsızlıklar!A:K,11,0),0) -> 0 | V10: =VLOOKUP(U10,Aralıklar!$M$2:$O$6,3,1) -> 50 | W10: =IF(X10=0,0,(T10+V10)*R10*VLOOKUP($W$2,'Kriter Ağırlık'!$A$1:$B$8,2,1)*E10) -> 7.5 | X10: =IFERROR(VLOOKUP(A10,Devamsızlıklar!A:M,13,0),1) -> 0.94444444 | Y10: =(OEE!$K$6*VLOOKUP($Y$2,'Kriter Ağırlık'!$A$1:$B$8,2,1))*X10*E10 -> 33.055556 | Z10: =(TELEF!$I$10*VLOOKUP($Z$2,'Kriter Ağırlık'!$A$1:$B$8,2,1))*X10*E10 -> 14.166667 | AA10: =J10+L10+N10+P10+W10+Y10+Z10 -> 73.388889 | AB10: 1 | AC10: =VLOOKUP(AB10,'Kriter Ağırlık'!$A$12:$C$17,3,0) -> 0 | AD10: 1 | AE10: =VLOOKUP(AD10,'Kriter Ağırlık'!$E$12:$G$24,3,0) -> 1 | AF10: =AA10*AC10*AE10 -> 0 | AG10: =VLOOKUP(A10,'Çalışan Listesi'!A:G,6,0) -> ŞEF LİDER
A11: 72 | B11: MEHMET KÖSE | C11: 36074 | D11: =IF($AI$2-C11>=90,90,$AI$2-C11) -> 90 | E11: =D11/90 -> 1 | F11: MAKİNE TEMİZLİK | G11: Makine Temizlik Takım Lideri | H11: =VLOOKUP(A11,'Çalışan Listesi'!A:G,7,0) -> 4.KADEME | I11: =IFERROR(VLOOKUP(A11,'Kaizen Listesi'!A:H,8,0),0) -> 0 | J11: =I11*VLOOKUP($I$2,'Kriter Ağırlık'!$A$1:$B$8,2,0) -> 0 | K11: =IFERROR(VLOOKUP(A11,'Hata Kartı '!A:H,8,0),0) -> 100 | L11: =K11*(VLOOKUP($K$2,'Kriter Ağırlık'!$A$1:$B$8,2,0)) -> 10 | M11: =IFERROR(VLOOKUP(F11,'5S'!$B$8:$E$19,4,0),0) -> 1 | N11: =VLOOKUP(M11,'5S'!$G$8:$I$14,3,1)*VLOOKUP($M$2,'Kriter Ağırlık'!$A$1:$B$8,2,0)*E11*X11 -> 8 | O11: =IFERROR(VLOOKUP(A11,Devamsızlıklar!A:K,10,0),0) -> 0 | P11: =VLOOKUP(O11,Aralıklar!$A$2:$C$5,3,1)*VLOOKUP($O$2,'Kriter Ağırlık'!$A$1:$B$8,2,0)*E11*X11 -> 10 | Q11: =IFERROR(VLOOKUP(A11,Devamsızlıklar!A:K,8,0),0) -> 0 | R11: =VLOOKUP(Q11,Aralıklar!$E$2:$G$5,3,1) -> 1 | S11: =IFERROR(VLOOKUP(A11,Devamsızlıklar!A:K,9,0),0) -> 0 | T11: =VLOOKUP(S11,Aralıklar!$I$2:$K$6,3,1) -> 50 | U11: =IFERROR(VLOOKUP(A11,Devamsızlıklar!A:K,11,0),0) -> 0 | V11: =VLOOKUP(U11,Aralıklar!$M$2:$O$6,3,1) -> 50 | W11: =IF(X11=0,0,(T11+V11)*R11*VLOOKUP($W$2,'Kriter Ağırlık'!$A$1:$B$8,2,1)*E11) -> 10 | X11: =IFERROR(VLOOKUP(A11,Devamsızlıklar!A:M,13,0),1) -> 1 | Y11: =(OEE!$K$6*VLOOKUP($Y$2,'Kriter Ağırlık'!$A$1:$B$8,2,1))*X11*E11 -> 35 | Z11: =(TELEF!$I$10*VLOOKUP($Z$2,'Kriter Ağırlık'!$A$1:$B$8,2,1))*X11*E11 -> 15 | AA11: =J11+L11+N11+P11+W11+Y11+Z11 -> 88 | AB11: 3 | AC11: =VLOOKUP(AB11,'Kriter Ağırlık'!$A$12:$C$17,3,0) -> 0 | AD11: 2 | AE11: =VLOOKUP(AD11,'Kriter Ağırlık'!$E$12:$G$24,3,0) -> 1.232 | AF11: =AA11*AC11*AE11 -> 0 | AG11: =VLOOKUP(A11,'Çalışan Listesi'!A:G,6,0) -> TAKIM LİDERİ
A12: 73 | B12: VEYSAL DURMUŞ | C12: 34745 | D12: =IF($AI$2-C12>=90,90,$AI$2-C12) -> 90 | E12: =D12/90 -> 1 | F12: RİNG BOBİN | G12: Ring Bobin Setup Operatörü | H12: =VLOOKUP(A12,'Çalışan Listesi'!A:G,7,0) -> 3.KADEME | I12: =IFERROR(VLOOKUP(A12,'Kaizen Listesi'!A:H,8,0),0) -> 0 | J12: =I12*VLOOKUP($I$2,'Kriter Ağırlık'!$A$1:$B$8,2,0) -> 0 | K12: =IFERROR(VLOOKUP(A12,'Hata Kartı '!A:H,8,0),0) -> 0 | L12: =K12*(VLOOKUP($K$2,'Kriter Ağırlık'!$A$1:$B$8,2,0)) -> 0 | M12: =IFERROR(VLOOKUP(F12,'5S'!$B$8:$E$19,4,0),0) -> 1 | N12: =VLOOKUP(M12,'5S'!$G$8:$I$14,3,1)*VLOOKUP($M$2,'Kriter Ağırlık'!$A$1:$B$8,2,0)*E12*X12 -> 7.4666667 | O12: =IFERROR(VLOOKUP(A12,Devamsızlıklar!A:K,10,0),0) -> 0 | P12: =VLOOKUP(O12,Aralıklar!$A$2:$C$5,3,1)*VLOOKUP($O$2,'Kriter Ağırlık'!$A$1:$B$8,2,0)*E12*X12 -> 9.3333333 | Q12: =IFERROR(VLOOKUP(A12,Devamsızlıklar!A:K,8,0),0) -> 0 | R12: =VLOOKUP(Q12,Aralıklar!$E$2:$G$5,3,1) -> 1 | S12: =IFERROR(VLOOKUP(A12,Devamsızlıklar!A:K,9,0),0) -> 0 | T12: =VLOOKUP(S12,Aralıklar!$I$2:$K$6,3,1) -> 50 | U12: =IFERROR(VLOOKUP(A12,Devamsızlıklar!A:K,11,0),0) -> 0 | V12: =VLOOKUP(U12,Aralıklar!$M$2:$O$6,3,1) -> 50 | W12: =IF(X12=0,0,(T12+V12)*R12*VLOOKUP($W$2,'Kriter Ağırlık'!$A$1:$B$8,2,1)*E12) -> 10 | X12: =IFERROR(VLOOKUP(A12,Devamsızlıklar!A:M,13,0),1) -> 0.93333333 | Y12: =(OEE!$K$6*VLOOKUP($Y$2,'Kriter Ağırlık'!$A$1:$B$8,2,1))*X12*E12 -> 32.666667 | Z12: =(TELEF!$I$10*VLOOKUP($Z$2,'Kriter Ağırlık'!$A$1:$B$8,2,1))*X12*E12 -> 14 | AA12: =J12+L12+N12+P12+W12+Y12+Z12 -> 73.466667 | AB12: 5 | AC12: =VLOOKUP(AB12,'Kriter Ağırlık'!$A$12:$C$17,3,0) -> 18.5 | AD12: 3 | AE12: =VLOOKUP(AD12,'Kriter Ağırlık'!$E$12:$G$24,3,0) -> 1.15 | AF12: =AA12*AC12*AE12 -> 1563.0033 | AG12: =VLOOKUP(A12,'Çalışan Listesi'!A:G,6,0) -> OPERATÖR
A13: 74 | B13: AKIN ÖZTÜRK | C13: 34771 | D13: =IF($AI$2-C13>=90,90,$AI$2-C13) -> 90 | E13: =D13/90 -> 1 | F13: MEKANİK | G13: Bakım Ekip Lideri | H13: =VLOOKUP(A13,'Çalışan Listesi'!A:G,7,0) -> EKİP LİDERİ | I13: =IFERROR(VLOOKUP(A13,'Kaizen Listesi'!A:H,8,0),0) -> 0 | J13: =I13*VLOOKUP($I$2,'Kriter Ağırlık'!$A$1:$B$8,2,0) -> 0 | K13: =IFERROR(VLOOKUP(A13,'Hata Kartı '!A:H,8,0),0) -> 0 | L13: =K13*(VLOOKUP($K$2,'Kriter Ağırlık'!$A$1:$B$8,2,0)) -> 0 | M13: =IFERROR(VLOOKUP(F13,'5S'!$B$8:$E$19,4,0),0) -> 1 | N13: =VLOOKUP(M13,'5S'!$G$8:$I$14,3,1)*VLOOKUP($M$2,'Kriter Ağırlık'!$A$1:$B$8,2,0)*E13*X13 -> 8 | O13: =IFERROR(VLOOKUP(A13,Devamsızlıklar!A:K,10,0),0) -> 0 | P13: =VLOOKUP(O13,Aralıklar!$A$2:$C$5,3,1)*VLOOKUP($O$2,'Kriter Ağırlık'!$A$1:$B$8,2,0)*E13*X13 -> 10 | Q13: =IFERROR(VLOOKUP(A13,Devamsızlıklar!A:K,8,0),0) -> 0 | R13: =VLOOKUP(Q13,Aralıklar!$E$2:$G$5,3,1) -> 1 | S13: =IFERROR(VLOOKUP(A13,Devamsızlıklar!A:K,9,0),0) -> 0 | T13: =VLOOKUP(S13,Aralıklar!$I$2:$K$6,3,1) -> 50 | U13: =IFERROR(VLOOKUP(A13,Devamsızlıklar!A:K,11,0),0) -> 0 | V13: =VLOOKUP(U13,Aralıklar!$M$2:$O$6,3,1) -> 50 | W13: =IF(X13=0,0,(T13+V13)*R13*VLOOKUP($W$2,'Kriter Ağırlık'!$A$1:$B$8,2,1)*E13) -> 10 | X13: =IFERROR(VLOOKUP(A13,Devamsızlıklar!A:M,13,0),1) -> 1 | Y13: =(OEE!$K$6*VLOOKUP($Y$2,'Kriter Ağırlık'!$A$1:$B$8,2,1))*X13*E13 -> 35 | Z13: =(TELEF!$I$10*VLOOKUP($Z$2,'Kriter Ağırlık'!$A$1:$B$8,2,1))*X13*E13 -> 15 | AA13: =J13+L13+N13+P13+W13+Y13+Z13 -> 78 | AB13: 1 | AC13: =VLOOKUP(AB13,'Kriter Ağırlık'!$A$12:$C$17,3,0) -> 0 | AD13: 1 | AE13: =VLOOKUP(AD13,'Kriter Ağırlık'!$E$12:$G$24,3,0) -> 1 | AF13: =AA13*AC13*AE13 -> 0 | AG13: =VLOOKUP(A13,'Çalışan Listesi'!A:G,6,0) -> ŞEF LİDER
A14: 79 | B14: AHMET YÖRÜK | C14: 34916 | D14: =IF($AI$2-C14>=90,90,$AI$2-C14) -> 90 | E14: =D14/90 -> 1 | F14: İHSARAT | G14: İhsarat Grup Lideri | H14: =VLOOKUP(A14,'Çalışan Listesi'!A:G,7,0) -> SÜPERVİZÖR | I14: =IFERROR(VLOOKUP(A14,'Kaizen Listesi'!A:H,8,0),0) -> 0 | J14: =I14*VLOOKUP($I$2,'Kriter Ağırlık'!$A$1:$B$8,2,0) -> 0 | K14: =IFERROR(VLOOKUP(A14,'Hata Kartı '!A:H,8,0),0) -> 0 | L14: =K14*(VLOOKUP($K$2,'Kriter Ağırlık'!$A$1:$B$8,2,0)) -> 0 | M14: =IFERROR(VLOOKUP(F14,'5S'!$B$8:$E$19,4,0),0) -> 1 | N14: =VLOOKUP(M14,'5S'!$G$8:$I$14,3,1)*VLOOKUP($M$2,'Kriter Ağırlık'!$A$1:$B$8,2,0)*E14*X14 -> 8 | O14: =IFERROR(VLOOKUP(A14,Devamsızlıklar!A:K,10,0),0) -> 0 | P14: =VLOOKUP(O14,Aralıklar!$A$2:$C$5,3,1)*VLOOKUP($O$2,'Kriter Ağırlık'!$A$1:$B$8,2,0)*E14*X14 -> 10 | Q14: =IFERROR(VLOOKUP(A14,Devamsızlıklar!A:K,8,0),0) -> 0 | R14: =VLOOKUP(Q14,Aralıklar!$E$2:$G$5,3,1) -> 1 | S14: =IFERROR(VLOOKUP(A14,Devamsızlıklar!A:K,9,0),0) -> 0 | T14: =VLOOKUP(S14,Aralıklar!$I$2:$K$6,3,1) -> 50 | U14: =IFERROR(VLOOKUP(A14,Devamsızlıklar!A:K,11,0),0) -> 0 | V14: =VLOOKUP(U14,Aralıklar!$M$2:$O$6,3,1) -> 50 | W14: =IF(X14=0,0,(T14+V14)*R14*VLOOKUP($W$2,'Kriter Ağırlık'!$A$1:$B$8,2,1)*E14) -> 10 | X14: =IFERROR(VLOOKUP(A14,Devamsızlıklar!A:M,13,0),1) -> 1 | Y14: =(OEE!$K$6*VLOOKUP($Y$2,'Kriter Ağırlık'!$A$1:$B$8,2,1))*X14*E14 -> 35 | Z14: =(TELEF!$I$10*VLOOKUP($Z$2,'Kriter Ağırlık'!$A$1:$B$8,2,1))*X14*E14 -> 15 | AA14: =J14+L14+N14+P14+W14+Y14+Z14 -> 78 | AB14: 2 | AC14: =VLOOKUP(AB14,'Kriter Ağırlık'!$A$12:$C$17,3,0) -> 0 | AD14: 1 | AE14: =VLOOKUP(AD14,'Kriter Ağırlık'!$E$12:$G$24,3,0) -> 1 | AF14: =AA14*AC14*AE14 -> 0 | AG14: =VLOOKUP(A14,'Çalışan Listesi'!A:G,6,0) -> GRUP LİDERİ
... A22: 108 | B22: MUSTAFA EMREM | C22: 35445 | D22: =IF($AI$2-C22>=90,90,$AI$2-C22) -> 90 | E22: =D22/90 -> 1 | F22: MEKANİK | G22: Mekanik Bakım Takım Lideri | H22: =VLOOKUP(A22,'Çalışan Listesi'!A:G,7,0) -> 3.KADEME | I22: =IFERROR(VLOOKUP(A22,'Kaizen Listesi'!A:H,8,0),0) -> 33.333333 | J22: =I22*VLOOKUP($I$2,'Kriter Ağırlık'!$A$1:$B$8,2,0) -> 4 | K22: =IFERROR(VLOOKUP(A22,'Hata Kartı '!A:H,8,0),0) -> 0 | L22: =K22*(VLOOKUP($K$2,'Kriter Ağırlık'!$A$1:$B$8,2,0)) -> 0 | M22: =IFERROR(VLOOKUP(F22,'5S'!$B$8:$E$19,4,0),0) -> 1 | N22: =VLOOKUP(M22,'5S'!$G$8:$I$14,3,1)*VLOOKUP($M$2,'Kriter Ağırlık'!$A$1:$B$8,2,0)*E22*X22 -> 7.4666667 | O22: =IFERROR(VLOOKUP(A22,Devamsızlıklar!A:K,10,0),0) -> 0 | P22: =VLOOKUP(O22,Aralıklar!$A$2:$C$5,3,1)*VLOOKUP($O$2,'Kriter Ağırlık'!$A$1:$B$8,2,0)*E22*X22 -> 9.3333333 | Q22: =IFERROR(VLOOKUP(A22,Devamsızlıklar!A:K,8,0),0) -> 0 | R22: =VLOOKUP(Q22,Aralıklar!$E$2:$G$5,3,1) -> 1 | S22: =IFERROR(VLOOKUP(A22,Devamsızlıklar!A:K,9,0),0) -> 0 | T22: =VLOOKUP(S22,Aralıklar!$I$2:$K$6,3,1) -> 50 | U22: =IFERROR(VLOOKUP(A22,Devamsızlıklar!A:K,11,0),0) -> 0 | V22: =VLOOKUP(U22,Aralıklar!$M$2:$O$6,3,1) -> 50 | W22: =IF(X22=0,0,(T22+V22)*R22*VLOOKUP($W$2,'Kriter Ağırlık'!$A$1:$B$8,2,1)*E22) -> 10 | X22: =IFERROR(VLOOKUP(A22,Devamsızlıklar!A:M,13,0),1) -> 0.93333333 | Y22: =(OEE!$K$6*VLOOKUP($Y$2,'Kriter Ağırlık'!$A$1:$B$8,2,1))*X22*E22 -> 32.666667 | Z22: =(TELEF!$I$10*VLOOKUP($Z$2,'Kriter Ağırlık'!$A$1:$B$8,2,1))*X22*E22 -> 14 | AA22: =J22+L22+N22+P22+W22+Y22+Z22 -> 77.466667 | AB22: 3 | AC22: =VLOOKUP(AB22,'Kriter Ağırlık'!$A$12:$C$17,3,0) -> 0 | AD22: 10 | AE22: =VLOOKUP(AD22,'Kriter Ağırlık'!$E$12:$G$24,3,0) -> 1.378 | AF22: =AA22*AC22*AE22 -> 0 | AG22: =VLOOKUP(A22,'Çalışan Listesi'!A:G,6,0) -> TAKIM LİDERİ
A23: 109 | B23: RECAİ ELİUZ | C23: 40805 | D23: 60 | E23: =D23/90 -> 0.66666667 | F23: RİNG BOBİN | G23: Ring Bobin Setup Takım Lideri Yardımcısı | H23: =VLOOKUP(A23,'Çalışan Listesi'!A:G,7,0) -> 3.KADEME | I23: =IFERROR(VLOOKUP(A23,'Kaizen Listesi'!A:H,8,0),0) -> 50 | J23: =I23*VLOOKUP($I$2,'Kriter Ağırlık'!$A$1:$B$8,2,0) -> 6 | K23: =IFERROR(VLOOKUP(A23,'Hata Kartı '!A:H,8,0),0) -> 50 | L23: =K23*(VLOOKUP($K$2,'Kriter Ağırlık'!$A$1:$B$8,2,0)) -> 5 | M23: =IFERROR(VLOOKUP(F23,'5S'!$B$8:$E$19,4,0),0) -> 1 | N23: =VLOOKUP(M23,'5S'!$G$8:$I$14,3,1)*VLOOKUP($M$2,'Kriter Ağırlık'!$A$1:$B$8,2,0)*E23*X23 -> 5.3333333 | O23: =IFERROR(VLOOKUP(A23,Devamsızlıklar!A:K,10,0),0) -> 0 | P23: =VLOOKUP(O23,Aralıklar!$A$2:$C$5,3,1)*VLOOKUP($O$2,'Kriter Ağırlık'!$A$1:$B$8,2,0)*E23*X23 -> 6.6666667 | Q23: =IFERROR(VLOOKUP(A23,Devamsızlıklar!A:K,8,0),0) -> 0 | R23: =VLOOKUP(Q23,Aralıklar!$E$2:$G$5,3,1) -> 1 | S23: =IFERROR(VLOOKUP(A23,Devamsızlıklar!A:K,9,0),0) -> 0 | T23: =VLOOKUP(S23,Aralıklar!$I$2:$K$6,3,1) -> 50 | U23: =IFERROR(VLOOKUP(A23,Devamsızlıklar!A:K,11,0),0) -> 0 | V23: =VLOOKUP(U23,Aralıklar!$M$2:$O$6,3,1) -> 50 | W23: =IF(X23=0,0,(T23+V23)*R23*VLOOKUP($W$2,'Kriter Ağırlık'!$A$1:$B$8,2,1)*E23) -> 6.6666667 | X23: =IFERROR(VLOOKUP(A23,Devamsızlıklar!A:M,13,0),1) -> 1 | Y23: =(OEE!$K$6*VLOOKUP($Y$2,'Kriter Ağırlık'!$A$1:$B$8,2,1))*X23*E23 -> 23.333333 | Z23: =(TELEF!$I$10*VLOOKUP($Z$2,'Kriter Ağırlık'!$A$1:$B$8,2,1))*X23*E23 -> 10 | AA23: =J23+L23+N23+P23+W23+Y23+Z23 -> 63 | AB23: 5 | AC23: =VLOOKUP(AB23,'Kriter Ağırlık'!$A$12:$C$17,3,0) -> 18.5 | AD23: 3 | AE23: =VLOOKUP(AD23,'Kriter Ağırlık'!$E$12:$G$24,3,0) -> 1.15 | AF23: =AA23*AC23*AE23 -> 1340.325 | AG23: =VLOOKUP(A23,'Çalışan Listesi'!A:G,6,0) -> TAKIM LİDERİ YARDIMCISI
A24: 112 | B24: ALİ DİNGER | C24: 35555 | D24: =IF($AI$2-C24>=90,90,$AI$2-C24) -> 90 | E24: =D24/90 -> 1 | F24: ENERJİ | G24: Elektrik Bakım Takım Lideri | H24: =VLOOKUP(A24,'Çalışan Listesi'!A:G,7,0) -> 4.KADEME | I24: =IFERROR(VLOOKUP(A24,'Kaizen Listesi'!A:H,8,0),0) -> 0 | J24: =I24*VLOOKUP($I$2,'Kriter Ağırlık'!$A$1:$B$8,2,0) -> 0 | K24: =IFERROR(VLOOKUP(A24,'Hata Kartı '!A:H,8,0),0) -> 0 | L24: =K24*(VLOOKUP($K$2,'Kriter Ağırlık'!$A$1:$B$8,2,0)) -> 0 | M24: =IFERROR(VLOOKUP(F24,'5S'!$B$8:$E$19,4,0),0) -> 1 | N24: =VLOOKUP(M24,'5S'!$G$8:$I$14,3,1)*VLOOKUP($M$2,'Kriter Ağırlık'!$A$1:$B$8,2,0)*E24*X24 -> 7.3777778 | O24: =IFERROR(VLOOKUP(A24,Devamsızlıklar!A:K,10,0),0) -> 0 | P24: =VLOOKUP(O24,Aralıklar!$A$2:$C$5,3,1)*VLOOKUP($O$2,'Kriter Ağırlık'!$A$1:$B$8,2,0)*E24*X24 -> 9.2222222 | Q24: =IFERROR(VLOOKUP(A24,Devamsızlıklar!A:K,8,0),0) -> 0 | R24: =VLOOKUP(Q24,Aralıklar!$E$2:$G$5,3,1) -> 1 | S24: =IFERROR(VLOOKUP(A24,Devamsızlıklar!A:K,9,0),0) -> 0 | T24: =VLOOKUP(S24,Aralıklar!$I$2:$K$6,3,1) -> 50 | U24: =IFERROR(VLOOKUP(A24,Devamsızlıklar!A:K,11,0),0) -> 0 | V24: =VLOOKUP(U24,Aralıklar!$M$2:$O$6,3,1) -> 50 | W24: =IF(X24=0,0,(T24+V24)*R24*VLOOKUP($W$2,'Kriter Ağırlık'!$A$1:$B$8,2,1)*E24) -> 10 | X24: =IFERROR(VLOOKUP(A24,Devamsızlıklar!A:M,13,0),1) -> 0.92222222 | Y24: =(OEE!$K$6*VLOOKUP($Y$2,'Kriter Ağırlık'!$A$1:$B$8,2,1))*X24*E24 -> 32.277778 | Z24: =(TELEF!$I$10*VLOOKUP($Z$2,'Kriter Ağırlık'!$A$1:$B$8,2,1))*X24*E24 -> 13.833333 | AA24: =J24+L24+N24+P24+W24+Y24+Z24 -> 72.711111 | AB24: 3 | AC24: =VLOOKUP(AB24,'Kriter Ağırlık'!$A$12:$C$17,3,0) -> 0 | AD24: 6 | AE24: =VLOOKUP(AD24,'Kriter Ağırlık'!$E$12:$G$24,3,0) -> 1.287 | AF24: =AA24*AC24*AE24 -> 0 | AG24: =VLOOKUP(A24,'Çalışan Listesi'!A:G,6,0) -> TAKIM LİDERİ
A25: 113 | B25: MEHMET KÖK | C25: 35584 | D25: =IF($AI$2-C25>=90,90,$AI$2-C25) -> 90 | E25: =D25/90 -> 1 | F25: KALİTE | G25: Rektefiye Operatörü | H25: =VLOOKUP(A25,'Çalışan Listesi'!A:G,7,0) -> KADEME YOK | I25: =IFERROR(VLOOKUP(A25,'Kaizen Listesi'!A:H,8,0),0) -> 0 | J25: =I25*VLOOKUP($I$2,'Kriter Ağırlık'!$A$1:$B$8,2,0) -> 0 | K25: =IFERROR(VLOOKUP(A25,'Hata Kartı '!A:H,8,0),0) -> 66.666667 | L25: =K25*(VLOOKUP($K$2,'Kriter Ağırlık'!$A$1:$B$8,2,0)) -> 6.6666667 | M25: =IFERROR(VLOOKUP(F25,'5S'!$B$8:$E$19,4,0),0) -> 1 | N25: =VLOOKUP(M25,'5S'!$G$8:$I$14,3,1)*VLOOKUP($M$2,'Kriter Ağırlık'!$A$1:$B$8,2,0)*E25*X25 -> 8 | O25: =IFERROR(VLOOKUP(A25,Devamsızlıklar!A:K,10,0),0) -> 0 | P25: =VLOOKUP(O25,Aralıklar!$A$2:$C$5,3,1)*VLOOKUP($O$2,'Kriter Ağırlık'!$A$1:$B$8,2,0)*E25*X25 -> 10 | Q25: =IFERROR(VLOOKUP(A25,Devamsızlıklar!A:K,8,0),0) -> 0 | R25: =VLOOKUP(Q25,Aralıklar!$E$2:$G$5,3,1) -> 1 | S25: =IFERROR(VLOOKUP(A25,Devamsızlıklar!A:K,9,0),0) -> 0 | T25: =VLOOKUP(S25,Aralıklar!$I$2:$K$6,3,1) -> 50 | U25: =IFERROR(VLOOKUP(A25,Devamsızlıklar!A:K,11,0),0) -> 0 | V25: =VLOOKUP(U25,Aralıklar!$M$2:$O$6,3,1) -> 50 | W25: =IF(X25=0,0,(T25+V25)*R25*VLOOKUP($W$2,'Kriter Ağırlık'!$A$1:$B$8,2,1)*E25) -> 10 | X25: =IFERROR(VLOOKUP(A25,Devamsızlıklar!A:M,13,0),1) -> 1 | Y25: =(OEE!$K$6*VLOOKUP($Y$2,'Kriter Ağırlık'!$A$1:$B$8,2,1))*X25*E25 -> 35 | Z25: =(TELEF!$I$10*VLOOKUP($Z$2,'Kriter Ağırlık'!$A$1:$B$8,2,1))*X25*E25 -> 15 | AA25: =J25+L25+N25+P25+W25+Y25+Z25 -> 84.666667 | AB25: 5 | AC25: =VLOOKUP(AB25,'Kriter Ağırlık'!$A$12:$C$17,3,0) -> 18.5 | AD25: 10 | AE25: =VLOOKUP(AD25,'Kriter Ağırlık'!$E$12:$G$24,3,0) -> 1.378 | AF25: =AA25*AC25*AE25 -> 2158.4073 | AG25: =VLOOKUP(A25,'Çalışan Listesi'!A:G,6,0) -> OPERATÖR
A26: 120 | B26: ÜMİT ALTINTAŞ | C26: 35654 | D26: =IF($AI$2-C26>=90,90,$AI$2-C26) -> 90 | E26: =D26/90 -> 1 | F26: RİNG BOBİN | G26: Ring Bobin Setup Operatörü | H26: =VLOOKUP(A26,'Çalışan Listesi'!A:G,7,0) -> 3.KADEME | I26: =IFERROR(VLOOKUP(A26,'Kaizen Listesi'!A:H,8,0),0) -> 0 | J26: =I26*VLOOKUP($I$2,'Kriter Ağırlık'!$A$1:$B$8,2,0) -> 0 | K26: =IFERROR(VLOOKUP(A26,'Hata Kartı '!A:H,8,0),0) -> 33.333333 | L26: =K26*(VLOOKUP($K$2,'Kriter Ağırlık'!$A$1:$B$8,2,0)) -> 3.3333333 | M26: =IFERROR(VLOOKUP(F26,'5S'!$B$8:$E$19,4,0),0) -> 1 | N26: =VLOOKUP(M26,'5S'!$G$8:$I$14,3,1)*VLOOKUP($M$2,'Kriter Ağırlık'!$A$1:$B$8,2,0)*E26*X26 -> 8 | O26: =IFERROR(VLOOKUP(A26,Devamsızlıklar!A:K,10,0),0) -> 0 | P26: =VLOOKUP(O26,Aralıklar!$A$2:$C$5,3,1)*VLOOKUP($O$2,'Kriter Ağırlık'!$A$1:$B$8,2,0)*E26*X26 -> 10 | Q26: =IFERROR(VLOOKUP(A26,Devamsızlıklar!A:K,8,0),0) -> 0 | R26: =VLOOKUP(Q26,Aralıklar!$E$2:$G$5,3,1) -> 1 | S26: =IFERROR(VLOOKUP(A26,Devamsızlıklar!A:K,9,0),0) -> 0 | T26: =VLOOKUP(S26,Aralıklar!$I$2:$K$6,3,1) -> 50 | U26: =IFERROR(VLOOKUP(A26,Devamsızlıklar!A:K,11,0),0) -> 0 | V26: =VLOOKUP(U26,Aralıklar!$M$2:$O$6,3,1) -> 50 | W26: =IF(X26=0,0,(T26+V26)*R26*VLOOKUP($W$2,'Kriter Ağırlık'!$A$1:$B$8,2,1)*E26) -> 10 | X26: =IFERROR(VLOOKUP(A26,Devamsızlıklar!A:M,13,0),1) -> 1 | Y26: =(OEE!$K$6*VLOOKUP($Y$2,'Kriter Ağırlık'!$A$1:$B$8,2,1))*X26*E26 -> 35 | Z26: =(TELEF!$I$10*VLOOKUP($Z$2,'Kriter Ağırlık'!$A$1:$B$8,2,1))*X26*E26 -> 15 | AA26: =J26+L26+N26+P26+W26+Y26+Z26 -> 81.333333 | AB26: 5 | AC26: =VLOOKUP(AB26,'Kriter Ağırlık'!$A$12:$C$17,3,0) -> 18.5 | AD26: 3 | AE26: =VLOOKUP(AD26,'Kriter Ağırlık'!$E$12:$G$24,3,0) -> 1.15 | AF26: =AA26*AC26*AE26 -> 1730.3667 | AG26: =VLOOKUP(A26,'Çalışan Listesi'!A:G,6,0) -> OPERATÖR
A27: 123 | B27: MUSTAFA BERBEROĞLU | C27: 36817 | D27: =IF($AI$2-C27>=90,90,$AI$2-C27) -> 90 | E27: =D27/90 -> 1 | F27: İHSARAT | G27: İhsarat Grup Lideri | H27: =VLOOKUP(A27,'Çalışan Listesi'!A:G,7,0) -> SÜPERVİZÖR | I27: =IFERROR(VLOOKUP(A27,'Kaizen Listesi'!A:H,8,0),0) -> 66.666667 | J27: =I27*VLOOKUP($I$2,'Kriter Ağırlık'!$A$1:$B$8,2,0) -> 8 | K27: =IFERROR(VLOOKUP(A27,'Hata Kartı '!A:H,8,0),0) -> 33.333333 | L27: =K27*(VLOOKUP($K$2,'Kriter Ağırlık'!$A$1:$B$8,2,0)) -> 3.3333333 | M27: =IFERROR(VLOOKUP(F27,'5S'!$B$8:$E$19,4,0),0) -> 1 | N27: =VLOOKUP(M27,'5S'!$G$8:$I$14,3,1)*VLOOKUP($M$2,'Kriter Ağırlık'!$A$1:$B$8,2,0)*E27*X27 -> 8 | O27: =IFERROR(VLOOKUP(A27,Devamsızlıklar!A:K,10,0),0) -> 0 | P27: =VLOOKUP(O27,Aralıklar!$A$2:$C$5,3,1)*VLOOKUP($O$2,'Kriter Ağırlık'!$A$1:$B$8,2,0)*E27*X27 -> 10 | Q27: =IFERROR(VLOOKUP(A27,Devamsızlıklar!A:K,8,0),0) -> 0 | R27: =VLOOKUP(Q27,Aralıklar!$E$2:$G$5,3,1) -> 1 | S27: =IFERROR(VLOOKUP(A27,Devamsızlıklar!A:K,9,0),0) -> 0 | T27: =VLOOKUP(S27,Aralıklar!$I$2:$K$6,3,1) -> 50 | U27: =IFERROR(VLOOKUP(A27,Devamsızlıklar!A:K,11,0),0) -> 0 | V27: =VLOOKUP(U27,Aralıklar!$M$2:$O$6,3,1) -> 50 | W27: =IF(X27=0,0,(T27+V27)*R27*VLOOKUP($W$2,'Kriter Ağırlık'!$A$1:$B$8,2,1)*E27) -> 10 | X27: =IFERROR(VLOOKUP(A27,Devamsızlıklar!A:M,13,0),1) -> 1 | Y27: =(OEE!$K$6*VLOOKUP($Y$2,'Kriter Ağırlık'!$A$1:$B$8,2,1))*X27*E27 -> 35 | Z27: =(TELEF!$I$10*VLOOKUP($Z$2,'Kriter Ağırlık'!$A$1:$B$8,2,1))*X27*E27 -> 15 | AA27: =J27+L27+N27+P27+W27+Y27+Z27 -> 89.333333 | AB27: 2 | AC27: =VLOOKUP(AB27,'Kriter Ağırlık'!$A$12:$C$17,3,0) -> 0 | AD27: 1 | AE27: =VLOOKUP(AD27,'Kriter Ağırlık'!$E$12:$G$24,3,0) -> 1 | AF27: =AA27*AC27*AE27 -> 0 | AG27: =VLOOKUP(A27,'Çalışan Listesi'!A:G,6,0) -> GRUP LİDERİ
A28: 124 | B28: ALİ KÜÇÜK | C28: 37088 | D28: =IF($AI$2-C28>=90,90,$AI$2-C28) -> 90 | E28: =D28/90 -> 1 | F28: AMBALAJ | G28: Paketleme Ambalaj Takım Lideri Yardımcıs | H28: =VLOOKUP(A28,'Çalışan Listesi'!A:G,7,0) -> 4.KADEME | I28: =IFERROR(VLOOKUP(A28,'Kaizen Listesi'!A:H,8,0),0) -> 66.666667 | J28: =I28*VLOOKUP($I$2,'Kriter Ağırlık'!$A$1:$B$8,2,0) -> 8 | K28: =IFERROR(VLOOKUP(A28,'Hata Kartı '!A:H,8,0),0) -> 100 | L28: =K28*(VLOOKUP($K$2,'Kriter Ağırlık'!$A$1:$B$8,2,0)) -> 10 | M28: =IFERROR(VLOOKUP(F28,'5S'!$B$8:$E$19,4,0),0) -> 1 | N28: =VLOOKUP(M28,'5S'!$G$8:$I$14,3,1)*VLOOKUP($M$2,'Kriter Ağırlık'!$A$1:$B$8,2,0)*E28*X28 -> 8 | O28: =IFERROR(VLOOKUP(A28,Devamsızlıklar!A:K,10,0),0) -> 0 | P28: =VLOOKUP(O28,Aralıklar!$A$2:$C$5,3,1)*VLOOKUP($O$2,'Kriter Ağırlık'!$A$1:$B$8,2,0)*E28*X28 -> 10 | Q28: =IFERROR(VLOOKUP(A28,Devamsızlıklar!A:K,8,0),0) -> 0 | R28: =VLOOKUP(Q28,Aralıklar!$E$2:$G$5,3,1) -> 1 | S28: =IFERROR(VLOOKUP(A28,Devamsızlıklar!A:K,9,0),0) -> 0 | T28: =VLOOKUP(S28,Aralıklar!$I$2:$K$6,3,1) -> 50 | U28: =IFERROR(VLOOKUP(A28,Devamsızlıklar!A:K,11,0),0) -> 0 | V28: =VLOOKUP(U28,Aralıklar!$M$2:$O$6,3,1) -> 50 | W28: =IF(X28=0,0,(T28+V28)*R28*VLOOKUP($W$2,'Kriter Ağırlık'!$A$1:$B$8,2,1)*E28) -> 10 | X28: =IFERROR(VLOOKUP(A28,Devamsızlıklar!A:M,13,0),1) -> 1 | Y28: =(OEE!$K$6*VLOOKUP($Y$2,'Kriter Ağırlık'!$A$1:$B$8,2,1))*X28*E28 -> 35 | Z28: =(TELEF!$I$10*VLOOKUP($Z$2,'Kriter Ağırlık'!$A$1:$B$8,2,1))*X28*E28 -> 15 | AA28: =J28+L28+N28+P28+W28+Y28+Z28 -> 96 | AB28: 4 | AC28: =VLOOKUP(AB28,'Kriter Ağırlık'!$A$12:$C$17,3,0) -> 13.5 | AD28: 1 | AE28: =VLOOKUP(AD28,'Kriter Ağırlık'!$E$12:$G$24,3,0) -> 1 | AF28: =AA28*AC28*AE28 -> 1296 | AG28: =VLOOKUP(A28,'Çalışan Listesi'!A:G,6,0) -> TAKIM LİDERİ YARDIMCISI
A29: 125 | B29: RAMAZAN ÖZDEMİR | C29: 35688 | D29: =IF($AI$2-C29>=90,90,$AI$2-C29) -> 90 | E29: =D29/90 -> 1 | F29: KALİTE | G29: Proses Kontrol Operatörü | H29: =VLOOKUP(A29,'Çalışan Listesi'!A:G,7,0) -> 4.KADEME | I29: =IFERROR(VLOOKUP(A29,'Kaizen Listesi'!A:H,8,0),0) -> 0 | J29: =I29*VLOOKUP($I$2,'Kriter Ağırlık'!$A$1:$B$8,2,0) -> 0 | K29: =IFERROR(VLOOKUP(A29,'Hata Kartı '!A:H,8,0),0) -> 100 | L29: =K29*(VLOOKUP($K$2,'Kriter Ağırlık'!$A$1:$B$8,2,0)) -> 10 | M29: =IFERROR(VLOOKUP(F29,'5S'!$B$8:$E$19,4,0),0) -> 1 | N29: =VLOOKUP(M29,'5S'!$G$8:$I$14,3,1)*VLOOKUP($M$2,'Kriter Ağırlık'!$A$1:$B$8,2,0)*E29*X29 -> 7.3777778 | O29: =IFERROR(VLOOKUP(A29,Devamsızlıklar!A:K,10,0),0) -> 0 | P29: =VLOOKUP(O29,Aralıklar!$A$2:$C$5,3,1)*VLOOKUP($O$2,'Kriter Ağırlık'!$A$1:$B$8,2,0)*E29*X29 -> 9.2222222 | Q29: =IFERROR(VLOOKUP(A29,Devamsızlıklar!A:K,8,0),0) -> 0 | R29: =VLOOKUP(Q29,Aralıklar!$E$2:$G$5,3,1) -> 1 | S29: =IFERROR(VLOOKUP(A29,Devamsızlıklar!A:K,9,0),0) -> 0 | T29: =VLOOKUP(S29,Aralıklar!$I$2:$K$6,3,1) -> 50 | U29: =IFERROR(VLOOKUP(A29,Devamsızlıklar!A:K,11,0),0) -> 0 | V29: =VLOOKUP(U29,Aralıklar!$M$2:$O$6,3,1) -> 50 | W29: =IF(X29=0,0,(T29+V29)*R29*VLOOKUP($W$2,'Kriter Ağırlık'!$A$1:$B$8,2,1)*E29) -> 10 | X29: =IFERROR(VLOOKUP(A29,Devamsızlıklar!A:M,13,0),1) -> 0.92222222 | Y29: =(OEE!$K$6*VLOOKUP($Y$2,'Kriter Ağırlık'!$A$1:$B$8,2,1))*X29*E29 -> 32.277778 | Z29: =(TELEF!$I$10*VLOOKUP($Z$2,'Kriter Ağırlık'!$A$1:$B$8,2,1))*X29*E29 -> 13.833333 | AA29: =J29+L29+N29+P29+W29+Y29+Z29 -> 82.711111 | AB29: 5 | AC29: =VLOOKUP(AB29,'Kriter Ağırlık'!$A$12:$C$17,3,0) -> 18.5 | AD29: 2 | AE29: =VLOOKUP(AD29,'Kriter Ağırlık'!$E$12:$G$24,3,0) -> 1.232 | AF29: =AA29*AC29*AE29 -> 1885.1516 | AG29: =VLOOKUP(A29,'Çalışan Listesi'!A:G,6,0) -> OPERATÖR
A30: 129 | B30: ADNAN DAĞLI | C30: 37321 | D30: =IF($AI$2-C30>=90,90,$AI$2-C30) -> 90 | E30: =D30/90 -> 1 | F30: KATLAMA BÜKÜM | G30: Katlama Büküm Operatörü | H30: =VLOOKUP(A30,'Çalışan Listesi'!A:G,7,0) -> 4.KADEME | I30: =IFERROR(VLOOKUP(A30,'Kaizen Listesi'!A:H,8,0),0) -> 66.666667 | J30: =I30*VLOOKUP($I$2,'Kriter Ağırlık'!$A$1:$B$8,2,0) -> 8 | K30: =IFERROR(VLOOKUP(A30,'Hata Kartı '!A:H,8,0),0) -> 83.333333 | L30: =K30*(VLOOKUP($K$2,'Kriter Ağırlık'!$A$1:$B$8,2,0)) -> 8.3333333 | M30: =IFERROR(VLOOKUP(F30,'5S'!$B$8:$E$19,4,0),0) -> 1 | N30: =VLOOKUP(M30,'5S'!$G$8:$I$14,3,1)*VLOOKUP($M$2,'Kriter Ağırlık'!$A$1:$B$8,2,0)*E30*X30 -> 8 | O30: =IFERROR(VLOOKUP(A30,Devamsızlıklar!A:K,10,0),0) -> 0 | P30: =VLOOKUP(O30,Aralıklar!$A$2:$C$5,3,1)*VLOOKUP($O$2,'Kriter Ağırlık'!$A$1:$B$8,2,0)*E30*X30 -> 10 | Q30: =IFERROR(VLOOKUP(A30,Devamsızlıklar!A:K,8,0),0) -> 0 | R30: =VLOOKUP(Q30,Aralıklar!$E$2:$G$5,3,1) -> 1 | S30: =IFERROR(VLOOKUP(A30,Devamsızlıklar!A:K,9,0),0) -> 0 | T30: =VLOOKUP(S30,Aralıklar!$I$2:$K$6,3,1) -> 50 | U30: =IFERROR(VLOOKUP(A30,Devamsızlıklar!A:K,11,0),0) -> 0 | V30: =VLOOKUP(U30,Aralıklar!$M$2:$O$6,3,1) -> 50 | W30: =IF(X30=0,0,(T30+V30)*R30*VLOOKUP($W$2,'Kriter Ağırlık'!$A$1:$B$8,2,1)*E30) -> 10 | X30: =IFERROR(VLOOKUP(A30,Devamsızlıklar!A:M,13,0),1) -> 1 | Y30: =(OEE!$K$6*VLOOKUP($Y$2,'Kriter Ağırlık'!$A$1:$B$8,2,1))*X30*E30 -> 35 | Z30: =(TELEF!$I$10*VLOOKUP($Z$2,'Kriter Ağırlık'!$A$1:$B$8,2,1))*X30*E30 -> 15 | AA30: =J30+L30+N30+P30+W30+Y30+Z30 -> 94.333333 | AB30: 5 | AC30: =VLOOKUP(AB30,'Kriter Ağırlık'!$A$12:$C$17,3,0) -> 18.5 | AD30: 2 | AE30: =VLOOKUP(AD30,'Kriter Ağırlık'!$E$12:$G$24,3,0) -> 1.232 | AF30: =AA30*AC30*AE30 -> 2150.0453 | AG30: =VLOOKUP(A30,'Çalışan Listesi'!A:G,6,0) -> OPERATÖR
A31: 131 | B31: ÖZCAN TAŞÇI | C31: 37475 | D31: 60 | E31: =D31/90 -> 0.66666667 | F31: RİNG BOBİN | G31: Ring Bobin Setup Takım Lideri | H31: =VLOOKUP(A31,'Çalışan Listesi'!A:G,7,0) -> 4.KADEME | I31: =IFERROR(VLOOKUP(A31,'Kaizen Listesi'!A:H,8,0),0) -> 50 | J31: =I31*VLOOKUP($I$2,'Kriter Ağırlık'!$A$1:$B$8,2,0) -> 6 | K31: =IFERROR(VLOOKUP(A31,'Hata Kartı '!A:H,8,0),0) -> 50 | L31: =K31*(VLOOKUP($K$2,'Kriter Ağırlık'!$A$1:$B$8,2,0)) -> 5 | M31: =IFERROR(VLOOKUP(F31,'5S'!$B$8:$E$19,4,0),0) -> 1 | N31: =VLOOKUP(M31,'5S'!$G$8:$I$14,3,1)*VLOOKUP($M$2,'Kriter Ağırlık'!$A$1:$B$8,2,0)*E31*X31 -> 5.3333333 | O31: =IFERROR(VLOOKUP(A31,Devamsızlıklar!A:K,10,0),0) -> 0 | P31: =VLOOKUP(O31,Aralıklar!$A$2:$C$5,3,1)*VLOOKUP($O$2,'Kriter Ağırlık'!$A$1:$B$8,2,0)*E31*X31 -> 6.6666667 | Q31: =IFERROR(VLOOKUP(A31,Devamsızlıklar!A:K,8,0),0) -> 0 | R31: =VLOOKUP(Q31,Aralıklar!$E$2:$G$5,3,1) -> 1 | S31: =IFERROR(VLOOKUP(A31,Devamsızlıklar!A:K,9,0),0) -> 0 | T31: =VLOOKUP(S31,Aralıklar!$I$2:$K$6,3,1) -> 50 | U31: =IFERROR(VLOOKUP(A31,Devamsızlıklar!A:K,11,0),0) -> 0 | V31: =VLOOKUP(U31,Aralıklar!$M$2:$O$6,3,1) -> 50 | W31: =IF(X31=0,0,(T31+V31)*R31*VLOOKUP($W$2,'Kriter Ağırlık'!$A$1:$B$8,2,1)*E31) -> 6.6666667 | X31: =IFERROR(VLOOKUP(A31,Devamsızlıklar!A:M,13,0),1) -> 1 | Y31: =(OEE!$K$6*VLOOKUP($Y$2,'Kriter Ağırlık'!$A$1:$B$8,2,1))*X31*E31 -> 23.333333 | Z31: =(TELEF!$I$10*VLOOKUP($Z$2,'Kriter Ağırlık'!$A$1:$B$8,2,1))*X31*E31 -> 10 | AA31: =J31+L31+N31+P31+W31+Y31+Z31 -> 63 | AB31: 4 | AC31: =VLOOKUP(AB31,'Kriter Ağırlık'!$A$12:$C$17,3,0) -> 13.5 | AD31: 2 | AE31: =VLOOKUP(AD31,'Kriter Ağırlık'!$E$12:$G$24,3,0) -> 1.232 | AF31: =AA31*AC31*AE31 -> 1047.816 | AG31: =VLOOKUP(A31,'Çalışan Listesi'!A:G,6,0) -> TAKIM LİDERİ
A32: 135 | B32: REMZİ YAVUZ | C32: 42584 | D32: =IF($AI$2-C32>=90,90,$AI$2-C32) -> 90 | E32: =D32/90 -> 1 | F32: KALİTE | G32: Proses Kontrol Operatörü | H32: =VLOOKUP(A32,'Çalışan Listesi'!A:G,7,0) -> 4.KADEME | I32: =IFERROR(VLOOKUP(A32,'Kaizen Listesi'!A:H,8,0),0) -> 33.333333 | J32: =I32*VLOOKUP($I$2,'Kriter Ağırlık'!$A$1:$B$8,2,0) -> 4 | K32: =IFERROR(VLOOKUP(A32,'Hata Kartı '!A:H,8,0),0) -> 66.666667 | L32: =K32*(VLOOKUP($K$2,'Kriter Ağırlık'!$A$1:$B$8,2,0)) -> 6.6666667 | M32: =IFERROR(VLOOKUP(F32,'5S'!$B$8:$E$19,4,0),0) -> 1 | N32: =VLOOKUP(M32,'5S'!$G$8:$I$14,3,1)*VLOOKUP($M$2,'Kriter Ağırlık'!$A$1:$B$8,2,0)*E32*X32 -> 7.3777778 | O32: =IFERROR(VLOOKUP(A32,Devamsızlıklar!A:K,10,0),0) -> 0 | P32: =VLOOKUP(O32,Aralıklar!$A$2:$C$5,3,1)*VLOOKUP($O$2,'Kriter Ağırlık'!$A$1:$B$8,2,0)*E32*X32 -> 9.2222222 | Q32: =IFERROR(VLOOKUP(A32,Devamsızlıklar!A:K,8,0),0) -> 0 | R32: =VLOOKUP(Q32,Aralıklar!$E$2:$G$5,3,1) -> 1 | S32: =IFERROR(VLOOKUP(A32,Devamsızlıklar!A:K,9,0),0) -> 0 | T32: =VLOOKUP(S32,Aralıklar!$I$2:$K$6,3,1) -> 50 | U32: =IFERROR(VLOOKUP(A32,Devamsızlıklar!A:K,11,0),0) -> 0 | V32: =VLOOKUP(U32,Aralıklar!$M$2:$O$6,3,1) -> 50 | W32: =IF(X32=0,0,(T32+V32)*R32*VLOOKUP($W$2,'Kriter Ağırlık'!$A$1:$B$8,2,1)*E32) -> 10 | X32: =IFERROR(VLOOKUP(A32,Devamsızlıklar!A:M,13,0),1) -> 0.92222222 | Y32: =(OEE!$K$6*VLOOKUP($Y$2,'Kriter Ağırlık'!$A$1:$B$8,2,1))*X32*E32 -> 32.277778 | Z32: =(TELEF!$I$10*VLOOKUP($Z$2,'Kriter Ağırlık'!$A$1:$B$8,2,1))*X32*E32 -> 13.833333 | AA32: =J32+L32+N32+P32+W32+Y32+Z32 -> 83.377778 | AB32: 5 | AC32: =VLOOKUP(AB32,'Kriter Ağırlık'!$A$12:$C$17,3,0) -> 18.5 | AD32: 2 | AE32: =VLOOKUP(AD32,'Kriter Ağırlık'!$E$12:$G$24,3,0) -> 1.232 | AF32: =AA32*AC32*AE32 -> 1900.3463 | AG32: =VLOOKUP(A32,'Çalışan Listesi'!A:G,6,0) -> OPERATÖR
A33: 138 | B33: YUSUF SARIOĞLU | C33: 42884 | D33: =IF($AI$2-C33>=90,90,$AI$2-C33) -> 90 | E33: =D33/90 -> 1 | F33: KATLAMA BÜKÜM | G33: Katlama Büküm Operatörü | H33: =VLOOKUP(A33,'Çalışan Listesi'!A:G,7,0) -> 3.KADEME | I33: =IFERROR(VLOOKUP(A33,'Kaizen Listesi'!A:H,8,0),0) -> 0 | J33: =I33*VLOOKUP($I$2,'Kriter Ağırlık'!$A$1:$B$8,2,0) -> 0 | K33: =IFERROR(VLOOKUP(A33,'Hata Kartı '!A:H,8,0),0) -> 0 | L33: =K33*(VLOOKUP($K$2,'Kriter Ağırlık'!$A$1:$B$8,2,0)) -> 0 | M33: =IFERROR(VLOOKUP(F33,'5S'!$B$8:$E$19,4,0),0) -> 1 | N33: =VLOOKUP(M33,'5S'!$G$8:$I$14,3,1)*VLOOKUP($M$2,'Kriter Ağırlık'!$A$1:$B$8,2,0)*E33*X33 -> 8 | O33: =IFERROR(VLOOKUP(A33,Devamsızlıklar!A:K,10,0),0) -> 0 | P33: =VLOOKUP(O33,Aralıklar!$A$2:$C$5,3,1)*VLOOKUP($O$2,'Kriter Ağırlık'!$A$1:$B$8,2,0)*E33*X33 -> 10 | Q33: =IFERROR(VLOOKUP(A33,Devamsızlıklar!A:K,8,0),0) -> 0 | R33: =VLOOKUP(Q33,Aralıklar!$E$2:$G$5,3,1) -> 1 | S33: =IFERROR(VLOOKUP(A33,Devamsızlıklar!A:K,9,0),0) -> 0 | T33: =VLOOKUP(S33,Aralıklar!$I$2:$K$6,3,1) -> 50 | U33: =IFERROR(VLOOKUP(A33,Devamsızlıklar!A:K,11,0),0) -> 0 | V33: =VLOOKUP(U33,Aralıklar!$M$2:$O$6,3,1) -> 50 | W33: =IF(X33=0,0,(T33+V33)*R33*VLOOKUP($W$2,'Kriter Ağırlık'!$A$1:$B$8,2,1)*E33) -> 10 | X33: =IFERROR(VLOOKUP(A33,Devamsızlıklar!A:M,13,0),1) -> 1 | Y33: =(OEE!$K$6*VLOOKUP($Y$2,'Kriter Ağırlık'!$A$1:$B$8,2,1))*X33*E33 -> 35 | Z33: =(TELEF!$I$10*VLOOKUP($Z$2,'Kriter Ağırlık'!$A$1:$B$8,2,1))*X33*E33 -> 15 | AA33: =J33+L33+N33+P33+W33+Y33+Z33 -> 78 | AB33: 5 | AC33: =VLOOKUP(AB33,'Kriter Ağırlık'!$A$12:$C$17,3,0) -> 18.5 | AD33: 3 | AE33: =VLOOKUP(AD33,'Kriter Ağırlık'!$E$12:$G$24,3,0) -> 1.15 | AF33: =AA33*AC33*AE33 -> 1659.45 | AG33: =VLOOKUP(A33,'Çalışan Listesi'!A:G,6,0) -> OPERATÖR
A34: 146 | B34: VELİ ŞAHBUDAK | C34: 42828 | D34: =IF($AI$2-C34>=90,90,$AI$2-C34) -> 90 | E34: =D34/90 -> 1 | F34: İHSARAT | G34: Fitil Sıyırma Operatörü | H34: =VLOOKUP(A34,'Çalışan Listesi'!A:G,7,0) -> 2.KADEME | I34: =IFERROR(VLOOKUP(A34,'Kaizen Listesi'!A:H,8,0),0) -> 0 | J34: =I34*VLOOKUP($I$2,'Kriter Ağırlık'!$A$1:$B$8,2,0) -> 0 | K34: =IFERROR(VLOOKUP(A34,'Hata Kartı '!A:H,8,0),0) -> 0 | L34: =K34*(VLOOKUP($K$2,'Kriter Ağırlık'!$A$1:$B$8,2,0)) -> 0 | M34: =IFERROR(VLOOKUP(F34,'5S'!$B$8:$E$19,4,0),0) -> 1 | N34: =VLOOKUP(M34,'5S'!$G$8:$I$14,3,1)*VLOOKUP($M$2,'Kriter Ağırlık'!$A$1:$B$8,2,0)*E34*X34 -> 8 | O34: =IFERROR(VLOOKUP(A34,Devamsızlıklar!A:K,10,0),0) -> 0 | P34: =VLOOKUP(O34,Aralıklar!$A$2:$C$5,3,1)*VLOOKUP($O$2,'Kriter Ağırlık'!$A$1:$B$8,2,0)*E34*X34 -> 10 | Q34: =IFERROR(VLOOKUP(A34,Devamsızlıklar!A:K,8,0),0) -> 0 | R34: =VLOOKUP(Q34,Aralıklar!$E$2:$G$5,3,1) -> 1 | S34: =IFERROR(VLOOKUP(A34,Devamsızlıklar!A:K,9,0),0) -> 0 | T34: =VLOOKUP(S34,Aralıklar!$I$2:$K$6,3,1) -> 50 | U34: =IFERROR(VLOOKUP(A34,Devamsızlıklar!A:K,11,0),0) -> 0 | V34: =VLOOKUP(U34,Aralıklar!$M$2:$O$6,3,1) -> 50 | W34: =IF(X34=0,0,(T34+V34)*R34*VLOOKUP($W$2,'Kriter Ağırlık'!$A$1:$B$8,2,1)*E34) -> 10 | X34: =IFERROR(VLOOKUP(A34,Devamsızlıklar!A:M,13,0),1) -> 1 | Y34: =(OEE!$K$6*VLOOKUP($Y$2,'Kriter Ağırlık'!$A$1:$B$8,2,1))*X34*E34 -> 35 | Z34: =(TELEF!$I$10*VLOOKUP($Z$2,'Kriter Ağırlık'!$A$1:$B$8,2,1))*X34*E34 -> 15 | AA34: =J34+L34+N34+P34+W34+Y34+Z34 -> 78 | AB34: 5 | AC34: =VLOOKUP(AB34,'Kriter Ağırlık'!$A$12:$C$17,3,0) -> 18.5 | AD34: 4 | AE34: =VLOOKUP(AD34,'Kriter Ağırlık'!$E$12:$G$24,3,0) -> 1.077 | AF34: =AA34*AC34*AE34 -> 1554.111 | AG34: =VLOOKUP(A34,'Çalışan Listesi'!A:G,6,0) -> OPERATÖR
A35: 149 | B35: POLAT VURAL | C35: 35786 | D35: =IF($AI$2-C35>=90,90,$AI$2-C35) -> 90 | E35: =D35/90 -> 1 | F35: İHSARAT | G35: İhsarat Operatörü | H35: =VLOOKUP(A35,'Çalışan Listesi'!A:G,7,0) -> 4.KADEME | I35: =IFERROR(VLOOKUP(A35,'Kaizen Listesi'!A:H,8,0),0) -> 0 | J35: =I35*VLOOKUP($I$2,'Kriter Ağırlık'!$A$1:$B$8,2,0) -> 0 | K35: =IFERROR(VLOOKUP(A35,'Hata Kartı '!A:H,8,0),0) -> 0 | L35: =K35*(VLOOKUP($K$2,'Kriter Ağırlık'!$A$1:$B$8,2,0)) -> 0 | M35: =IFERROR(VLOOKUP(F35,'5S'!$B$8:$E$19,4,0),0) -> 1 | N35: =VLOOKUP(M35,'5S'!$G$8:$I$14,3,1)*VLOOKUP($M$2,'Kriter Ağırlık'!$A$1:$B$8,2,0)*E35*X35 -> 8 | O35: =IFERROR(VLOOKUP(A35,Devamsızlıklar!A:K,10,0),0) -> 0 | P35: =VLOOKUP(O35,Aralıklar!$A$2:$C$5,3,1)*VLOOKUP($O$2,'Kriter Ağırlık'!$A$1:$B$8,2,0)*E35*X35 -> 10 | Q35: =IFERROR(VLOOKUP(A35,Devamsızlıklar!A:K,8,0),0) -> 0 | R35: =VLOOKUP(Q35,Aralıklar!$E$2:$G$5,3,1) -> 1 | S35: =IFERROR(VLOOKUP(A35,Devamsızlıklar!A:K,9,0),0) -> 0 | T35: =VLOOKUP(S35,Aralıklar!$I$2:$K$6,3,1) -> 50 | U35: =IFERROR(VLOOKUP(A35,Devamsızlıklar!A:K,11,0),0) -> 0 | V35: =VLOOKUP(U35,Aralıklar!$M$2:$O$6,3,1) -> 50 | W35: =IF(X35=0,0,(T35+V35)*R35*VLOOKUP($W$2,'Kriter Ağırlık'!$A$1:$B$8,2,1)*E35) -> 10 | X35: =IFERROR(VLOOKUP(A35,Devamsızlıklar!A:M,13,0),1) -> 1 | Y35: =(OEE!$K$6*VLOOKUP($Y$2,'Kriter Ağırlık'!$A$1:$B$8,2,1))*X35*E35 -> 35 | Z35: =(TELEF!$I$10*VLOOKUP($Z$2,'Kriter Ağırlık'!$A$1:$B$8,2,1))*X35*E35 -> 15 | AA35: =J35+L35+N35+P35+W35+Y35+Z35 -> 78 | AB35: 5 | AC35: =VLOOKUP(AB35,'Kriter Ağırlık'!$A$12:$C$17,3,0) -> 18.5 | AD35: 2 | AE35: =VLOOKUP(AD35,'Kriter Ağırlık'!$E$12:$G$24,3,0) -> 1.232 | AF35: =AA35*AC35*AE35 -> 1777.776 | AG35: =VLOOKUP(A35,'Çalışan Listesi'!A:G,6,0) -> OPERATÖR
A36: 153 | B36: OSMAN ÇELİK | C36: 35836 | D36: =IF($AI$2-C36>=90,90,$AI$2-C36) -> 90 | E36: =D36/90 -> 1 | F36: OE-KAT BÜK | G36: Open End Katlama Büküm Grup Lideri | H36: =VLOOKUP(A36,'Çalışan Listesi'!A:G,7,0) -> SÜPERVİZÖR | I36: =IFERROR(VLOOKUP(A36,'Kaizen Listesi'!A:H,8,0),0) -> 0 | J36: =I36*VLOOKUP($I$2,'Kriter Ağırlık'!$A$1:$B$8,2,0) -> 0 | K36: =IFERROR(VLOOKUP(A36,'Hata Kartı '!A:H,8,0),0) -> 0 | L36: =K36*(VLOOKUP($K$2,'Kriter Ağırlık'!$A$1:$B$8,2,0)) -> 0 | M36: =IFERROR(VLOOKUP(F36,'5S'!$B$8:$E$19,4,0),0) -> 0 | N36: =VLOOKUP(M36,'5S'!$G$8:$I$14,3,1)*VLOOKUP($M$2,'Kriter Ağırlık'!$A$1:$B$8,2,0)*E36*X36 -> 0 | O36: =IFERROR(VLOOKUP(A36,Devamsızlıklar!A:K,10,0),0) -> 0 | P36: =VLOOKUP(O36,Aralıklar!$A$2:$C$5,3,1)*VLOOKUP($O$2,'Kriter Ağırlık'!$A$1:$B$8,2,0)*E36*X36 -> 10 | Q36: =IFERROR(VLOOKUP(A36,Devamsızlıklar!A:K,8,0),0) -> 0 | R36: =VLOOKUP(Q36,Aralıklar!$E$2:$G$5,3,1) -> 1 | S36: =IFERROR(VLOOKUP(A36,Devamsızlıklar!A:K,9,0),0) -> 0 | T36: =VLOOKUP(S36,Aralıklar!$I$2:$K$6,3,1) -> 50 | U36: =IFERROR(VLOOKUP(A36,Devamsızlıklar!A:K,11,0),0) -> 0 | V36: =VLOOKUP(U36,Aralıklar!$M$2:$O$6,3,1) -> 50 | W36: =IF(X36=0,0,(T36+V36)*R36*VLOOKUP($W$2,'Kriter Ağırlık'!$A$1:$B$8,2,1)*E36) -> 10 | X36: =IFERROR(VLOOKUP(A36,Devamsızlıklar!A:M,13,0),1) -> 1 | Y36: =(OEE!$K$6*VLOOKUP($Y$2,'Kriter Ağırlık'!$A$1:$B$8,2,1))*X36*E36 -> 35 | Z36: =(TELEF!$I$10*VLOOKUP($Z$2,'Kriter Ağırlık'!$A$1:$B$8,2,1))*X36*E36 -> 15 | AA36: =J36+L36+N36+P36+W36+Y36+Z36 -> 70 | AB36: 2 | AC36: =VLOOKUP(AB36,'Kriter Ağırlık'!$A$12:$C$17,3,0) -> 0 | AD36: 1 | AE36: =VLOOKUP(AD36,'Kriter Ağırlık'!$E$12:$G$24,3,0) -> 1 | AF36: =AA36*AC36*AE36 -> 0 | AG36: =VLOOKUP(A36,'Çalışan Listesi'!A:G,6,0) -> GRUP LİDERİ
A37: 171 | B37: MUHTEREM YAVUZ | C37: 36255 | D37: =IF($AI$2-C37>=90,90,$AI$2-C37) -> 90 | E37: =D37/90 -> 1 | F37: İHSARAT | G37: İhsarat Operatörü | H37: =VLOOKUP(A37,'Çalışan Listesi'!A:G,7,0) -> 4.KADEME | I37: =IFERROR(VLOOKUP(A37,'Kaizen Listesi'!A:H,8,0),0) -> 0 | J37: =I37*VLOOKUP($I$2,'Kriter Ağırlık'!$A$1:$B$8,2,0) -> 0 | K37: =IFERROR(VLOOKUP(A37,'Hata Kartı '!A:H,8,0),0) -> 0 | L37: =K37*(VLOOKUP($K$2,'Kriter Ağırlık'!$A$1:$B$8,2,0)) -> 0 | M37: =IFERROR(VLOOKUP(F37,'5S'!$B$8:$E$19,4,0),0) -> 1 | N37: =VLOOKUP(M37,'5S'!$G$8:$I$14,3,1)*VLOOKUP($M$2,'Kriter Ağırlık'!$A$1:$B$8,2,0)*E37*X37 -> 8 | O37: =IFERROR(VLOOKUP(A37,Devamsızlıklar!A:K,10,0),0) -> 0 | P37: =VLOOKUP(O37,Aralıklar!$A$2:$C$5,3,1)*VLOOKUP($O$2,'Kriter Ağırlık'!$A$1:$B$8,2,0)*E37*X37 -> 10 | Q37: =IFERROR(VLOOKUP(A37,Devamsızlıklar!A:K,8,0),0) -> 0 | R37: =VLOOKUP(Q37,Aralıklar!$E$2:$G$5,3,1) -> 1 | S37: =IFERROR(VLOOKUP(A37,Devamsızlıklar!A:K,9,0),0) -> 0 | T37: =VLOOKUP(S37,Aralıklar!$I$2:$K$6,3,1) -> 50 | U37: =IFERROR(VLOOKUP(A37,Devamsızlıklar!A:K,11,0),0) -> 0 | V37: =VLOOKUP(U37,Aralıklar!$M$2:$O$6,3,1) -> 50 | W37: =IF(X37=0,0,(T37+V37)*R37*VLOOKUP($W$2,'Kriter Ağırlık'!$A$1:$B$8,2,1)*E37) -> 10 | X37: =IFERROR(VLOOKUP(A37,Devamsızlıklar!A:M,13,0),1) -> 1 | Y37: =(OEE!$K$6*VLOOKUP($Y$2,'Kriter Ağırlık'!$A$1:$B$8,2,1))*X37*E37 -> 35 | Z37: =(TELEF!$I$10*VLOOKUP($Z$2,'Kriter Ağırlık'!$A$1:$B$8,2,1))*X37*E37 -> 15 | AA37: =J37+L37+N37+P37+W37+Y37+Z37 -> 78 | AB37: 5 | AC37: =VLOOKUP(AB37,'Kriter Ağırlık'!$A$12:$C$17,3,0) -> 18.5 | AD37: 2 | AE37: =VLOOKUP(AD37,'Kriter Ağırlık'!$E$12:$G$24,3,0) -> 1.232 | AF37: =AA37*AC37*AE37 -> 1777.776 | AG37: =VLOOKUP(A37,'Çalışan Listesi'!A:G,6,0) -> OPERATÖR
A38: 215 | B38: AHMET ŞENAY | C38: 36746 | D38: =IF($AI$2-C38>=90,90,$AI$2-C38) -> 90 | E38: =D38/90 -> 1 | F38: RİNG BOBİN | G38: Ring Bobin Grup Lideri | H38: =VLOOKUP(A38,'Çalışan Listesi'!A:G,7,0) -> SÜPERVİZÖR | I38: =IFERROR(VLOOKUP(A38,'Kaizen Listesi'!A:H,8,0),0) -> 33.333333 | J38: =I38*VLOOKUP($I$2,'Kriter Ağırlık'!$A$1:$B$8,2,0) -> 4 | K38: =IFERROR(VLOOKUP(A38,'Hata Kartı '!A:H,8,0),0) -> 16.666667 | L38: =K38*(VLOOKUP($K$2,'Kriter Ağırlık'!$A$1:$B$8,2,0)) -> 1.6666667 | M38: =IFERROR(VLOOKUP(F38,'5S'!$B$8:$E$19,4,0),0) -> 1 | N38: =VLOOKUP(M38,'5S'!$G$8:$I$14,3,1)*VLOOKUP($M$2,'Kriter Ağırlık'!$A$1:$B$8,2,0)*E38*X38 -> 8 | O38: =IFERROR(VLOOKUP(A38,Devamsızlıklar!A:K,10,0),0) -> 0 | P38: =VLOOKUP(O38,Aralıklar!$A$2:$C$5,3,1)*VLOOKUP($O$2,'Kriter Ağırlık'!$A$1:$B$8,2,0)*E38*X38 -> 10 | Q38: =IFERROR(VLOOKUP(A38,Devamsızlıklar!A:K,8,0),0) -> 0 | R38: =VLOOKUP(Q38,Aralıklar!$E$2:$G$5,3,1) -> 1 | S38: =IFERROR(VLOOKUP(A38,Devamsızlıklar!A:K,9,0),0) -> 0 | T38: =VLOOKUP(S38,Aralıklar!$I$2:$K$6,3,1) -> 50 | U38: =IFERROR(VLOOKUP(A38,Devamsızlıklar!A:K,11,0),0) -> 0 | V38: =VLOOKUP(U38,Aralıklar!$M$2:$O$6,3,1) -> 50 | W38: =IF(X38=0,0,(T38+V38)*R38*VLOOKUP($W$2,'Kriter Ağırlık'!$A$1:$B$8,2,1)*E38) -> 10 | X38: =IFERROR(VLOOKUP(A38,Devamsızlıklar!A:M,13,0),1) -> 1 | Y38: =(OEE!$K$6*VLOOKUP($Y$2,'Kriter Ağırlık'!$A$1:$B$8,2,1))*X38*E38 -> 35 | Z38: =(TELEF!$I$10*VLOOKUP($Z$2,'Kriter Ağırlık'!$A$1:$B$8,2,1))*X38*E38 -> 15 | AA38: =J38+L38+N38+P38+W38+Y38+Z38 -> 83.666667 | AB38: 2 | AC38: =VLOOKUP(AB38,'Kriter Ağırlık'!$A$12:$C$17,3,0) -> 0 | AD38: 1 | AE38: =VLOOKUP(AD38,'Kriter Ağırlık'!$E$12:$G$24,3,0) -> 1 | AF38: =AA38*AC38*AE38 -> 0 | AG38: =VLOOKUP(A38,'Çalışan Listesi'!A:G,6,0) -> GRUP LİDERİ
A39: 218 | B39: GÜNAY ERİN | C39: 41099 | D39: =IF($AI$2-C39>=90,90,$AI$2-C39) -> 90 | E39: =D39/90 -> 1 | F39: RİNG BOBİN | G39: Ring Bobin Operatörü | H39: =VLOOKUP(A39,'Çalışan Listesi'!A:G,7,0) -> 3.KADEME | I39: =IFERROR(VLOOKUP(A39,'Kaizen Listesi'!A:H,8,0),0) -> 0 | J39: =I39*VLOOKUP($I$2,'Kriter Ağırlık'!$A$1:$B$8,2,0) -> 0 | K39: =IFERROR(VLOOKUP(A39,'Hata Kartı '!A:H,8,0),0) -> 100 | L39: =K39*(VLOOKUP($K$2,'Kriter Ağırlık'!$A$1:$B$8,2,0)) -> 10 | M39: =IFERROR(VLOOKUP(F39,'5S'!$B$8:$E$19,4,0),0) -> 1 | N39: =VLOOKUP(M39,'5S'!$G$8:$I$14,3,1)*VLOOKUP($M$2,'Kriter Ağırlık'!$A$1:$B$8,2,0)*E39*X39 -> 8 | O39: =IFERROR(VLOOKUP(A39,Devamsızlıklar!A:K,10,0),0) -> 0 | P39: =VLOOKUP(O39,Aralıklar!$A$2:$C$5,3,1)*VLOOKUP($O$2,'Kriter Ağırlık'!$A$1:$B$8,2,0)*E39*X39 -> 10 | Q39: =IFERROR(VLOOKUP(A39,Devamsızlıklar!A:K,8,0),0) -> 0 | R39: =VLOOKUP(Q39,Aralıklar!$E$2:$G$5,3,1) -> 1 | S39: =IFERROR(VLOOKUP(A39,Devamsızlıklar!A:K,9,0),0) -> 0 | T39: =VLOOKUP(S39,Aralıklar!$I$2:$K$6,3,1) -> 50 | U39: =IFERROR(VLOOKUP(A39,Devamsızlıklar!A:K,11,0),0) -> 0 | V39: =VLOOKUP(U39,Aralıklar!$M$2:$O$6,3,1) -> 50 | W39: =IF(X39=0,0,(T39+V39)*R39*VLOOKUP($W$2,'Kriter Ağırlık'!$A$1:$B$8,2,1)*E39) -> 10 | X39: =IFERROR(VLOOKUP(A39,Devamsızlıklar!A:M,13,0),1) -> 1 | Y39: =(OEE!$K$6*VLOOKUP($Y$2,'Kriter Ağırlık'!$A$1:$B$8,2,1))*X39*E39 -> 35 | Z39: =(TELEF!$I$10*VLOOKUP($Z$2,'Kriter Ağırlık'!$A$1:$B$8,2,1))*X39*E39 -> 15 | AA39: =J39+L39+N39+P39+W39+Y39+Z39 -> 88 | AB39: 5 | AC39: =VLOOKUP(AB39,'Kriter Ağırlık'!$A$12:$C$17,3,0) -> 18.5 | AD39: 3 | AE39: =VLOOKUP(AD39,'Kriter Ağırlık'!$E$12:$G$24,3,0) -> 1.15 | AF39: =AA39*AC39*AE39 -> 1872.2 | AG39: =VLOOKUP(A39,'Çalışan Listesi'!A:G,6,0) -> OPERATÖR
A40: 219 | B40: MUSTAFA BALIK | C40: 36780 | D40: =IF($AI$2-C40>=90,90,$AI$2-C40) -> 90 | E40: =D40/90 -> 1 | F40: RİNG BOBİN | G40: Ring Bobin Setup Operatörü | H40: =VLOOKUP(A40,'Çalışan Listesi'!A:G,7,0) -> 3.KADEME | I40: =IFERROR(VLOOKUP(A40,'Kaizen Listesi'!A:H,8,0),0) -> 33.333333 | J40: =I40*VLOOKUP($I$2,'Kriter Ağırlık'!$A$1:$B$8,2,0) -> 4 | K40: =IFERROR(VLOOKUP(A40,'Hata Kartı '!A:H,8,0),0) -> 16.666667 | L40: =K40*(VLOOKUP($K$2,'Kriter Ağırlık'!$A$1:$B$8,2,0)) -> 1.6666667 | M40: =IFERROR(VLOOKUP(F40,'5S'!$B$8:$E$19,4,0),0) -> 1 | N40: =VLOOKUP(M40,'5S'!$G$8:$I$14,3,1)*VLOOKUP($M$2,'Kriter Ağırlık'!$A$1:$B$8,2,0)*E40*X40 -> 8 | O40: =IFERROR(VLOOKUP(A40,Devamsızlıklar!A:K,10,0),0) -> 0 | P40: =VLOOKUP(O40,Aralıklar!$A$2:$C$5,3,1)*VLOOKUP($O$2,'Kriter Ağırlık'!$A$1:$B$8,2,0)*E40*X40 -> 10 | Q40: =IFERROR(VLOOKUP(A40,Devamsızlıklar!A:K,8,0),0) -> 0 | R40: =VLOOKUP(Q40,Aralıklar!$E$2:$G$5,3,1) -> 1 | S40: =IFERROR(VLOOKUP(A40,Devamsızlıklar!A:K,9,0),0) -> 0 | T40: =VLOOKUP(S40,Aralıklar!$I$2:$K$6,3,1) -> 50 | U40: =IFERROR(VLOOKUP(A40,Devamsızlıklar!A:K,11,0),0) -> 0 | V40: =VLOOKUP(U40,Aralıklar!$M$2:$O$6,3,1) -> 50 | W40: =IF(X40=0,0,(T40+V40)*R40*VLOOKUP($W$2,'Kriter Ağırlık'!$A$1:$B$8,2,1)*E40) -> 10 | X40: =IFERROR(VLOOKUP(A40,Devamsızlıklar!A:M,13,0),1) -> 1 | Y40: =(OEE!$K$6*VLOOKUP($Y$2,'Kriter Ağırlık'!$A$1:$B$8,2,1))*X40*E40 -> 35 | Z40: =(TELEF!$I$10*VLOOKUP($Z$2,'Kriter Ağırlık'!$A$1:$B$8,2,1))*X40*E40 -> 15 | AA40: =J40+L40+N40+P40+W40+Y40+Z40 -> 83.666667 | AB40: 5 | AC40: =VLOOKUP(AB40,'Kriter Ağırlık'!$A$12:$C$17,3,0) -> 18.5 | AD40: 3 | AE40: =VLOOKUP(AD40,'Kriter Ağırlık'!$E$12:$G$24,3,0) -> 1.15 | AF40: =AA40*AC40*AE40 -> 1780.0083 | AG40: =VLOOKUP(A40,'Çalışan Listesi'!A:G,6,0) -> OPERATÖR
A41: 225 | B41: SÜLEYMAN YILDIRIM | C41: 36829 | D41: 60 | E41: =D41/90 -> 0.66666667 | F41: SBS RİNG BOBİN | G41: Open End Ring Bobin ve Setup Lideri | H41: =VLOOKUP(A41,'Çalışan Listesi'!A:G,7,0) -> 4.KADEME | I41: =IFERROR(VLOOKUP(A41,'Kaizen Listesi'!A:H,8,0),0) -> 0 | J41: =I41*VLOOKUP($I$2,'Kriter Ağırlık'!$A$1:$B$8,2,0) -> 0 | K41: =IFERROR(VLOOKUP(A41,'Hata Kartı '!A:H,8,0),0) -> 75 | L41: =K41*(VLOOKUP($K$2,'Kriter Ağırlık'!$A$1:$B$8,2,0)) -> 7.5 | M41: =IFERROR(VLOOKUP(F41,'5S'!$B$8:$E$19,4,0),0) -> 0 | N41: =VLOOKUP(M41,'5S'!$G$8:$I$14,3,1)*VLOOKUP($M$2,'Kriter Ağırlık'!$A$1:$B$8,2,0)*E41*X41 -> 0 | O41: =IFERROR(VLOOKUP(A41,Devamsızlıklar!A:K,10,0),0) -> 0 | P41: =VLOOKUP(O41,Aralıklar!$A$2:$C$5,3,1)*VLOOKUP($O$2,'Kriter Ağırlık'!$A$1:$B$8,2,0)*E41*X41 -> 6.6666667 | Q41: =IFERROR(VLOOKUP(A41,Devamsızlıklar!A:K,8,0),0) -> 0 | R41: =VLOOKUP(Q41,Aralıklar!$E$2:$G$5,3,1) -> 1 | S41: =IFERROR(VLOOKUP(A41,Devamsızlıklar!A:K,9,0),0) -> 0 | T41: =VLOOKUP(S41,Aralıklar!$I$2:$K$6,3,1) -> 50 | U41: =IFERROR(VLOOKUP(A41,Devamsızlıklar!A:K,11,0),0) -> 0 | V41: =VLOOKUP(U41,Aralıklar!$M$2:$O$6,3,1) -> 50 | W41: =IF(X41=0,0,(T41+V41)*R41*VLOOKUP($W$2,'Kriter Ağırlık'!$A$1:$B$8,2,1)*E41) -> 6.6666667 | X41: =IFERROR(VLOOKUP(A41,Devamsızlıklar!A:M,13,0),1) -> 1 | Y41: =(OEE!$K$6*VLOOKUP($Y$2,'Kriter Ağırlık'!$A$1:$B$8,2,1))*X41*E41 -> 23.333333 | Z41: =(TELEF!$I$10*VLOOKUP($Z$2,'Kriter Ağırlık'!$A$1:$B$8,2,1))*X41*E41 -> 10 | AA41: =J41+L41+N41+P41+W41+Y41+Z41 -> 54.166667 | AB41: 4 | AC41: =VLOOKUP(AB41,'Kriter Ağırlık'!$A$12:$C$17,3,0) -> 13.5 | AD41: 2 | AE41: =VLOOKUP(AD41,'Kriter Ağırlık'!$E$12:$G$24,3,0) -> 1.232 | AF41: =AA41*AC41*AE41 -> 900.9 | AG41: =VLOOKUP(A41,'Çalışan Listesi'!A:G,6,0) -> TAKIM LİDERİ
A42: 227 | B42: ZÜHTÜ GÜNDAĞ | C42: 36829 | D42: =IF($AI$2-C42>=90,90,$AI$2-C42) -> 90 | E42: =D42/90 -> 1 | F42: RİNG BOBİN | G42: Ring Bobin Setup Operatörü | H42: =VLOOKUP(A42,'Çalışan Listesi'!A:G,7,0) -> 3.KADEME | I42: =IFERROR(VLOOKUP(A42,'Kaizen Listesi'!A:H,8,0),0) -> 0 | J42: =I42*VLOOKUP($I$2,'Kriter Ağırlık'!$A$1:$B$8,2,0) -> 0 | K42: =IFERROR(VLOOKUP(A42,'Hata Kartı '!A:H,8,0),0) -> 50 | L42: =K42*(VLOOKUP($K$2,'Kriter Ağırlık'!$A$1:$B$8,2,0)) -> 5 | M42: =IFERROR(VLOOKUP(F42,'5S'!$B$8:$E$19,4,0),0) -> 1 | N42: =VLOOKUP(M42,'5S'!$G$8:$I$14,3,1)*VLOOKUP($M$2,'Kriter Ağırlık'!$A$1:$B$8,2,0)*E42*X42 -> 8 | O42: =IFERROR(VLOOKUP(A42,Devamsızlıklar!A:K,10,0),0) -> 0 | P42: =VLOOKUP(O42,Aralıklar!$A$2:$C$5,3,1)*VLOOKUP($O$2,'Kriter Ağırlık'!$A$1:$B$8,2,0)*E42*X42 -> 10 | Q42: =IFERROR(VLOOKUP(A42,Devamsızlıklar!A:K,8,0),0) -> 0 | R42: =VLOOKUP(Q42,Aralıklar!$E$2:$G$5,3,1) -> 1 | S42: =IFERROR(VLOOKUP(A42,Devamsızlıklar!A:K,9,0),0) -> 0 | T42: =VLOOKUP(S42,Aralıklar!$I$2:$K$6,3,1) -> 50 | U42: =IFERROR(VLOOKUP(A42,Devamsızlıklar!A:K,11,0),0) -> 0 | V42: =VLOOKUP(U42,Aralıklar!$M$2:$O$6,3,1) -> 50 | W42: =IF(X42=0,0,(T42+V42)*R42*VLOOKUP($W$2,'Kriter Ağırlık'!$A$1:$B$8,2,1)*E42) -> 10 | X42: =IFERROR(VLOOKUP(A42,Devamsızlıklar!A:M,13,0),1) -> 1 | Y42: =(OEE!$K$6*VLOOKUP($Y$2,'Kriter Ağırlık'!$A$1:$B$8,2,1))*X42*E42 -> 35 | Z42: =(TELEF!$I$10*VLOOKUP($Z$2,'Kriter Ağırlık'!$A$1:$B$8,2,1))*X42*E42 -> 15 | AA42: =J42+L42+N42+P42+W42+Y42+Z42 -> 83 | AB42: 5 | AC42: =VLOOKUP(AB42,'Kriter Ağırlık'!$A$12:$C$17,3,0) -> 18.5 | AD42: 3 | AE42: =VLOOKUP(AD42,'Kriter Ağırlık'!$E$12:$G$24,3,0) -> 1.15 | AF42: =AA42*AC42*AE42 -> 1765.825 | AG42: =VLOOKUP(A42,'Çalışan Listesi'!A:G,6,0) -> OPERATÖR
A43: 230 | B43: İLYAS ORHAN | C43: 36831 | D43: =IF($AI$2-C43>=90,90,$AI$2-C43) -> 90 | E43: =D43/90 -> 1 | F43: OE-KAT BÜK | G43: Open End Katlama Büküm Grup Lideri | H43: =VLOOKUP(A43,'Çalışan Listesi'!A:G,7,0) -> SÜPERVİZÖR | I43: =IFERROR(VLOOKUP(A43,'Kaizen Listesi'!A:H,8,0),0) -> 0 | J43: =I43*VLOOKUP($I$2,'Kriter Ağırlık'!$A$1:$B$8,2,0) -> 0 | K43: =IFERROR(VLOOKUP(A43,'Hata Kartı '!A:H,8,0),0) -> 0 | L43: =K43*(VLOOKUP($K$2,'Kriter Ağırlık'!$A$1:$B$8,2,0)) -> 0 | M43: =IFERROR(VLOOKUP(F43,'5S'!$B$8:$E$19,4,0),0) -> 0 | N43: =VLOOKUP(M43,'5S'!$G$8:$I$14,3,1)*VLOOKUP($M$2,'Kriter Ağırlık'!$A$1:$B$8,2,0)*E43*X43 -> 0 | O43: =IFERROR(VLOOKUP(A43,Devamsızlıklar!A:K,10,0),0) -> 0 | P43: =VLOOKUP(O43,Aralıklar!$A$2:$C$5,3,1)*VLOOKUP($O$2,'Kriter Ağırlık'!$A$1:$B$8,2,0)*E43*X43 -> 10 | Q43: =IFERROR(VLOOKUP(A43,Devamsızlıklar!A:K,8,0),0) -> 0 | R43: =VLOOKUP(Q43,Aralıklar!$E$2:$G$5,3,1) -> 1 | S43: =IFERROR(VLOOKUP(A43,Devamsızlıklar!A:K,9,0),0) -> 0 | T43: =VLOOKUP(S43,Aralıklar!$I$2:$K$6,3,1) -> 50 | U43: =IFERROR(VLOOKUP(A43,Devamsızlıklar!A:K,11,0),0) -> 0 | V43: =VLOOKUP(U43,Aralıklar!$M$2:$O$6,3,1) -> 50 | W43: =IF(X43=0,0,(T43+V43)*R43*VLOOKUP($W$2,'Kriter Ağırlık'!$A$1:$B$8,2,1)*E43) -> 10 | X43: =IFERROR(VLOOKUP(A43,Devamsızlıklar!A:M,13,0),1) -> 1 | Y43: =(OEE!$K$6*VLOOKUP($Y$2,'Kriter Ağırlık'!$A$1:$B$8,2,1))*X43*E43 -> 35 | Z43: =(TELEF!$I$10*VLOOKUP($Z$2,'Kriter Ağırlık'!$A$1:$B$8,2,1))*X43*E43 -> 15 | AA43: =J43+L43+N43+P43+W43+Y43+Z43 -> 70 | AB43: 2 | AC43: =VLOOKUP(AB43,'Kriter Ağırlık'!$A$12:$C$17,3,0) -> 0 | AD43: 1 | AE43: =VLOOKUP(AD43,'Kriter Ağırlık'!$E$12:$G$24,3,0) -> 1 | AF43: =AA43*AC43*AE43 -> 0 | AG43: =VLOOKUP(A43,'Çalışan Listesi'!A:G,6,0) -> GRUP LİDERİ
A44: 231 | B44: ŞEVKİ DEMİR | C44: 36832 | D44: =IF($AI$2-C44>=90,90,$AI$2-C44) -> 90 | E44: =D44/90 -> 1 | F44: RİNG BOBİN | G44: Ring Bobin Setup Operatörü | H44: =VLOOKUP(A44,'Çalışan Listesi'!A:G,7,0) -> 3.KADEME | I44: =IFERROR(VLOOKUP(A44,'Kaizen Listesi'!A:H,8,0),0) -> 0 | J44: =I44*VLOOKUP($I$2,'Kriter Ağırlık'!$A$1:$B$8,2,0) -> 0 | K44: =IFERROR(VLOOKUP(A44,'Hata Kartı '!A:H,8,0),0) -> 66.666667 | L44: =K44*(VLOOKUP($K$2,'Kriter Ağırlık'!$A$1:$B$8,2,0)) -> 6.6666667 | M44: =IFERROR(VLOOKUP(F44,'5S'!$B$8:$E$19,4,0),0) -> 1 | N44: =VLOOKUP(M44,'5S'!$G$8:$I$14,3,1)*VLOOKUP($M$2,'Kriter Ağırlık'!$A$1:$B$8,2,0)*E44*X44 -> 8 | O44: =IFERROR(VLOOKUP(A44,Devamsızlıklar!A:K,10,0),0) -> 0 | P44: =VLOOKUP(O44,Aralıklar!$A$2:$C$5,3,1)*VLOOKUP($O$2,'Kriter Ağırlık'!$A$1:$B$8,2,0)*E44*X44 -> 10 | Q44: =IFERROR(VLOOKUP(A44,Devamsızlıklar!A:K,8,0),0) -> 0 | R44: =VLOOKUP(Q44,Aralıklar!$E$2:$G$5,3,1) -> 1 | S44: =IFERROR(VLOOKUP(A44,Devamsızlıklar!A:K,9,0),0) -> 0 | T44: =VLOOKUP(S44,Aralıklar!$I$2:$K$6,3,1) -> 50 | U44: =IFERROR(VLOOKUP(A44,Devamsızlıklar!A:K,11,0),0) -> 0 | V44: =VLOOKUP(U44,Aralıklar!$M$2:$O$6,3,1) -> 50 | W44: =IF(X44=0,0,(T44+V44)*R44*VLOOKUP($W$2,'Kriter Ağırlık'!$A$1:$B$8,2,1)*E44) -> 10 | X44: =IFERROR(VLOOKUP(A44,Devamsızlıklar!A:M,13,0),1) -> 1 | Y44: =(OEE!$K$6*VLOOKUP($Y$2,'Kriter Ağırlık'!$A$1:$B$8,2,1))*X44*E44 -> 35 | Z44: =(TELEF!$I$10*VLOOKUP($Z$2,'Kriter Ağırlık'!$A$1:$B$8,2,1))*X44*E44 -> 15 | AA44: =J44+L44+N44+P44+W44+Y44+Z44 -> 84.666667 | AB44: 5 | AC44: =VLOOKUP(AB44,'Kriter Ağırlık'!$A$12:$C$17,3,0) -> 18.5 | AD44: 3 | AE44: =VLOOKUP(AD44,'Kriter Ağırlık'!$E$12:$G$24,3,0) -> 1.15 | AF44: =AA44*AC44*AE44 -> 1801.2833 | AG44: =VLOOKUP(A44,'Çalışan Listesi'!A:G,6,0) -> OPERATÖR
A45: 239 | B45: ÜMİT ÇOBAN | C45: 40581 | D45: =IF($AI$2-C45>=90,90,$AI$2-C45) -> 90 | E45: =D45/90 -> 1 | F45: MİX PAMUK | G45: Pamuk Mix Prese Takım Lideri | H45: =VLOOKUP(A45,'Çalışan Listesi'!A:G,7,0) -> 4.KADEME | I45: =IFERROR(VLOOKUP(A45,'Kaizen Listesi'!A:H,8,0),0) -> 33.333333 | J45: =I45*VLOOKUP($I$2,'Kriter Ağırlık'!$A$1:$B$8,2,0) -> 4 | K45: =IFERROR(VLOOKUP(A45,'Hata Kartı '!A:H,8,0),0) -> 33.333333 | L45: =K45*(VLOOKUP($K$2,'Kriter Ağırlık'!$A$1:$B$8,2,0)) -> 3.3333333 | M45: =IFERROR(VLOOKUP(F45,'5S'!$B$8:$E$19,4,0),0) -> 1 | N45: =VLOOKUP(M45,'5S'!$G$8:$I$14,3,1)*VLOOKUP($M$2,'Kriter Ağırlık'!$A$1:$B$8,2,0)*E45*X45 -> 8 | O45: =IFERROR(VLOOKUP(A45,Devamsızlıklar!A:K,10,0),0) -> 0 | P45: =VLOOKUP(O45,Aralıklar!$A$2:$C$5,3,1)*VLOOKUP($O$2,'Kriter Ağırlık'!$A$1:$B$8,2,0)*E45*X45 -> 10 | Q45: =IFERROR(VLOOKUP(A45,Devamsızlıklar!A:K,8,0),0) -> 0 | R45: =VLOOKUP(Q45,Aralıklar!$E$2:$G$5,3,1) -> 1 | S45: =IFERROR(VLOOKUP(A45,Devamsızlıklar!A:K,9,0),0) -> 0 | T45: =VLOOKUP(S45,Aralıklar!$I$2:$K$6,3,1) -> 50 | U45: =IFERROR(VLOOKUP(A45,Devamsızlıklar!A:K,11,0),0) -> 0 | V45: =VLOOKUP(U45,Aralıklar!$M$2:$O$6,3,1) -> 50 | W45: =IF(X45=0,0,(T45+V45)*R45*VLOOKUP($W$2,'Kriter Ağırlık'!$A$1:$B$8,2,1)*E45) -> 10 | X45: =IFERROR(VLOOKUP(A45,Devamsızlıklar!A:M,13,0),1) -> 1 | Y45: =(OEE!$K$6*VLOOKUP($Y$2,'Kriter Ağırlık'!$A$1:$B$8,2,1))*X45*E45 -> 35 | Z45: =(TELEF!$I$10*VLOOKUP($Z$2,'Kriter Ağırlık'!$A$1:$B$8,2,1))*X45*E45 -> 15 | AA45: =J45+L45+N45+P45+W45+Y45+Z45 -> 85.333333 | AB45: 3 | AC45: =VLOOKUP(AB45,'Kriter Ağırlık'!$A$12:$C$17,3,0) -> 0 | AD45: 2 | AE45: =VLOOKUP(AD45,'Kriter Ağırlık'!$E$12:$G$24,3,0) -> 1.232 | AF45: =AA45*AC45*AE45 -> 0 | AG45: =VLOOKUP(A45,'Çalışan Listesi'!A:G,6,0) -> TAKIM LİDERİ
A46: 248 | B46: TUNCAY BAYAM | C46: 40597 | D46: =IF($AI$2-C46>=90,90,$AI$2-C46) -> 90 | E46: =D46/90 -> 1 | F46: RİNG BOBİN | G46: Ring Bobin Setup Operatörü | H46: =VLOOKUP(A46,'Çalışan Listesi'!A:G,7,0) -> 3.KADEME | I46: =IFERROR(VLOOKUP(A46,'Kaizen Listesi'!A:H,8,0),0) -> 0 | J46: =I46*VLOOKUP($I$2,'Kriter Ağırlık'!$A$1:$B$8,2,0) -> 0 | K46: =IFERROR(VLOOKUP(A46,'Hata Kartı '!A:H,8,0),0) -> 33.333333 | L46: =K46*(VLOOKUP($K$2,'Kriter Ağırlık'!$A$1:$B$8,2,0)) -> 3.3333333 | M46: =IFERROR(VLOOKUP(F46,'5S'!$B$8:$E$19,4,0),0) -> 1 | N46: =VLOOKUP(M46,'5S'!$G$8:$I$14,3,1)*VLOOKUP($M$2,'Kriter Ağırlık'!$A$1:$B$8,2,0)*E46*X46 -> 7.3777778 | O46: =IFERROR(VLOOKUP(A46,Devamsızlıklar!A:K,10,0),0) -> 0 | P46: =VLOOKUP(O46,Aralıklar!$A$2:$C$5,3,1)*VLOOKUP($O$2,'Kriter Ağırlık'!$A$1:$B$8,2,0)*E46*X46 -> 9.2222222 | Q46: =IFERROR(VLOOKUP(A46,Devamsızlıklar!A:K,8,0),0) -> 0 | R46: =VLOOKUP(Q46,Aralıklar!$E$2:$G$5,3,1) -> 1 | S46: =IFERROR(VLOOKUP(A46,Devamsızlıklar!A:K,9,0),0) -> 0 | T46: =VLOOKUP(S46,Aralıklar!$I$2:$K$6,3,1) -> 50 | U46: =IFERROR(VLOOKUP(A46,Devamsızlıklar!A:K,11,0),0) -> 0 | V46: =VLOOKUP(U46,Aralıklar!$M$2:$O$6,3,1) -> 50 | W46: =IF(X46=0,0,(T46+V46)*R46*VLOOKUP($W$2,'Kriter Ağırlık'!$A$1:$B$8,2,1)*E46) -> 10 | X46: =IFERROR(VLOOKUP(A46,Devamsızlıklar!A:M,13,0),1) -> 0.92222222 | Y46: =(OEE!$K$6*VLOOKUP($Y$2,'Kriter Ağırlık'!$A$1:$B$8,2,1))*X46*E46 -> 32.277778 | Z46: =(TELEF!$I$10*VLOOKUP($Z$2,'Kriter Ağırlık'!$A$1:$B$8,2,1))*X46*E46 -> 13.833333 | AA46: =J46+L46+N46+P46+W46+Y46+Z46 -> 76.044444 | AB46: 5 | AC46: =VLOOKUP(AB46,'Kriter Ağırlık'!$A$12:$C$17,3,0) -> 18.5 | AD46: 3 | AE46: =VLOOKUP(AD46,'Kriter Ağırlık'!$E$12:$G$24,3,0) -> 1.15 | AF46: =AA46*AC46*AE46 -> 1617.8456 | AG46: =VLOOKUP(A46,'Çalışan Listesi'!A:G,6,0) -> OPERATÖR
A47: 253 | B47: AHMET MULCAR | C47: 43587 | D47: =IF($AI$2-C47>=90,90,$AI$2-C47) -> 90 | E47: =D47/90 -> 1 | F47: SBS RİNG BOBİN | G47: Open End Ring Bobin ve Setup Lideri | H47: =VLOOKUP(A47,'Çalışan Listesi'!A:G,7,0) -> 4.KADEME | I47: =IFERROR(VLOOKUP(A47,'Kaizen Listesi'!A:H,8,0),0) -> 33.333333 | J47: =I47*VLOOKUP($I$2,'Kriter Ağırlık'!$A$1:$B$8,2,0) -> 4 | K47: =IFERROR(VLOOKUP(A47,'Hata Kartı '!A:H,8,0),0) -> 16.666667 | L47: =K47*(VLOOKUP($K$2,'Kriter Ağırlık'!$A$1:$B$8,2,0)) -> 1.6666667 | M47: =IFERROR(VLOOKUP(F47,'5S'!$B$8:$E$19,4,0),0) -> 0 | N47: =VLOOKUP(M47,'5S'!$G$8:$I$14,3,1)*VLOOKUP($M$2,'Kriter Ağırlık'!$A$1:$B$8,2,0)*E47*X47 -> 0 | O47: =IFERROR(VLOOKUP(A47,Devamsızlıklar!A:K,10,0),0) -> 0 | P47: =VLOOKUP(O47,Aralıklar!$A$2:$C$5,3,1)*VLOOKUP($O$2,'Kriter Ağırlık'!$A$1:$B$8,2,0)*E47*X47 -> 10 | Q47: =IFERROR(VLOOKUP(A47,Devamsızlıklar!A:K,8,0),0) -> 0 | R47: =VLOOKUP(Q47,Aralıklar!$E$2:$G$5,3,1) -> 1 | S47: =IFERROR(VLOOKUP(A47,Devamsızlıklar!A:K,9,0),0) -> 0 | T47: =VLOOKUP(S47,Aralıklar!$I$2:$K$6,3,1) -> 50 | U47: =IFERROR(VLOOKUP(A47,Devamsızlıklar!A:K,11,0),0) -> 0 | V47: =VLOOKUP(U47,Aralıklar!$M$2:$O$6,3,1) -> 50 | W47: =IF(X47=0,0,(T47+V47)*R47*VLOOKUP($W$2,'Kriter Ağırlık'!$A$1:$B$8,2,1)*E47) -> 10 | X47: =IFERROR(VLOOKUP(A47,Devamsızlıklar!A:M,13,0),1) -> 1 | Y47: =(OEE!$K$6*VLOOKUP($Y$2,'Kriter Ağırlık'!$A$1:$B$8,2,1))*X47*E47 -> 35 | Z47: =(TELEF!$I$10*VLOOKUP($Z$2,'Kriter Ağırlık'!$A$1:$B$8,2,1))*X47*E47 -> 15 | AA47: =J47+L47+N47+P47+W47+Y47+Z47 -> 75.666667 | AB47: 3 | AC47: =VLOOKUP(AB47,'Kriter Ağırlık'!$A$12:$C$17,3,0) -> 0 | AD47: 2 | AE47: =VLOOKUP(AD47,'Kriter Ağırlık'!$E$12:$G$24,3,0) -> 1.232 | AF47: =AA47*AC47*AE47 -> 0 | AG47: =VLOOKUP(A47,'Çalışan Listesi'!A:G,6,0) -> TAKIM LİDERİ
A48: 254 | B48: SERKAN ACAR | C48: 37319 | D48: =IF($AI$2-C48>=90,90,$AI$2-C48) -> 90 | E48: =D48/90 -> 1 | F48: RİNG BOBİN | G48: Ring Bobin Grup Lideri | H48: =VLOOKUP(A48,'Çalışan Listesi'!A:G,7,0) -> SÜPERVİZÖR | I48: =IFERROR(VLOOKUP(A48,'Kaizen Listesi'!A:H,8,0),0) -> 0 | J48: =I48*VLOOKUP($I$2,'Kriter Ağırlık'!$A$1:$B$8,2,0) -> 0 | K48: =IFERROR(VLOOKUP(A48,'Hata Kartı '!A:H,8,0),0) -> 33.333333 | L48: =K48*(VLOOKUP($K$2,'Kriter Ağırlık'!$A$1:$B$8,2,0)) -> 3.3333333 | M48: =IFERROR(VLOOKUP(F48,'5S'!$B$8:$E$19,4,0),0) -> 1 | N48: =VLOOKUP(M48,'5S'!$G$8:$I$14,3,1)*VLOOKUP($M$2,'Kriter Ağırlık'!$A$1:$B$8,2,0)*E48*X48 -> 8 | O48: =IFERROR(VLOOKUP(A48,Devamsızlıklar!A:K,10,0),0) -> 0 | P48: =VLOOKUP(O48,Aralıklar!$A$2:$C$5,3,1)*VLOOKUP($O$2,'Kriter Ağırlık'!$A$1:$B$8,2,0)*E48*X48 -> 10 | Q48: =IFERROR(VLOOKUP(A48,Devamsızlıklar!A:K,8,0),0) -> 0 | R48: =VLOOKUP(Q48,Aralıklar!$E$2:$G$5,3,1) -> 1 | S48: =IFERROR(VLOOKUP(A48,Devamsızlıklar!A:K,9,0),0) -> 0 | T48: =VLOOKUP(S48,Aralıklar!$I$2:$K$6,3,1) -> 50 | U48: =IFERROR(VLOOKUP(A48,Devamsızlıklar!A:K,11,0),0) -> 0 | V48: =VLOOKUP(U48,Aralıklar!$M$2:$O$6,3,1) -> 50 | W48: =IF(X48=0,0,(T48+V48)*R48*VLOOKUP($W$2,'Kriter Ağırlık'!$A$1:$B$8,2,1)*E48) -> 10 | X48: =IFERROR(VLOOKUP(A48,Devamsızlıklar!A:M,13,0),1) -> 1 | Y48: =(OEE!$K$6*VLOOKUP($Y$2,'Kriter Ağırlık'!$A$1:$B$8,2,1))*X48*E48 -> 35 | Z48: =(TELEF!$I$10*VLOOKUP($Z$2,'Kriter Ağırlık'!$A$1:$B$8,2,1))*X48*E48 -> 15 | AA48: =J48+L48+N48+P48+W48+Y48+Z48 -> 81.333333 | AB48: 2 | AC48: =VLOOKUP(AB48,'Kriter Ağırlık'!$A$12:$C$17,3,0) -> 0 | AD48: 1 | AE48: =VLOOKUP(AD48,'Kriter Ağırlık'!$E$12:$G$24,3,0) -> 1 | AF48: =AA48*AC48*AE48 -> 0 | AG48: =VLOOKUP(A48,'Çalışan Listesi'!A:G,6,0) -> GRUP LİDERİ
A49: 261 | B49: YETİŞ MENTEŞ | C49: 41157 | D49: =IF($AI$2-C49>=90,90,$AI$2-C49) -> 90 | E49: =D49/90 -> 1 | F49: KALİTE | G49: Kalite Takım Lideri Yardımcısı | H49: =VLOOKUP(A49,'Çalışan Listesi'!A:G,7,0) -> 4.KADEME | I49: =IFERROR(VLOOKUP(A49,'Kaizen Listesi'!A:H,8,0),0) -> 33.333333 | J49: =I49*VLOOKUP($I$2,'Kriter Ağırlık'!$A$1:$B$8,2,0) -> 4 | K49: =IFERROR(VLOOKUP(A49,'Hata Kartı '!A:H,8,0),0) -> 16.666667 | L49: =K49*(VLOOKUP($K$2,'Kriter Ağırlık'!$A$1:$B$8,2,0)) -> 1.6666667 | M49: =IFERROR(VLOOKUP(F49,'5S'!$B$8:$E$19,4,0),0) -> 1 | N49: =VLOOKUP(M49,'5S'!$G$8:$I$14,3,1)*VLOOKUP($M$2,'Kriter Ağırlık'!$A$1:$B$8,2,0)*E49*X49 -> 8 | O49: =IFERROR(VLOOKUP(A49,Devamsızlıklar!A:K,10,0),0) -> 0 | P49: =VLOOKUP(O49,Aralıklar!$A$2:$C$5,3,1)*VLOOKUP($O$2,'Kriter Ağırlık'!$A$1:$B$8,2,0)*E49*X49 -> 10 | Q49: =IFERROR(VLOOKUP(A49,Devamsızlıklar!A:K,8,0),0) -> 0 | R49: =VLOOKUP(Q49,Aralıklar!$E$2:$G$5,3,1) -> 1 | S49: =IFERROR(VLOOKUP(A49,Devamsızlıklar!A:K,9,0),0) -> 0 | T49: =VLOOKUP(S49,Aralıklar!$I$2:$K$6,3,1) -> 50 | U49: =IFERROR(VLOOKUP(A49,Devamsızlıklar!A:K,11,0),0) -> 0 | V49: =VLOOKUP(U49,Aralıklar!$M$2:$O$6,3,1) -> 50 | W49: =IF(X49=0,0,(T49+V49)*R49*VLOOKUP($W$2,'Kriter Ağırlık'!$A$1:$B$8,2,1)*E49) -> 10 | X49: =IFERROR(VLOOKUP(A49,Devamsızlıklar!A:M,13,0),1) -> 1 | Y49: =(OEE!$K$6*VLOOKUP($Y$2,'Kriter Ağırlık'!$A$1:$B$8,2,1))*X49*E49 -> 35 | Z49: =(TELEF!$I$10*VLOOKUP($Z$2,'Kriter Ağırlık'!$A$1:$B$8,2,1))*X49*E49 -> 15 | AA49: =J49+L49+N49+P49+W49+Y49+Z49 -> 83.666667 | AB49: 4 | AC49: =VLOOKUP(AB49,'Kriter Ağırlık'!$A$12:$C$17,3,0) -> 13.5 | AD49: 1 | AE49: =VLOOKUP(AD49,'Kriter Ağırlık'!$E$12:$G$24,3,0) -> 1 | AF49: =AA49*AC49*AE49 -> 1129.5 | AG49: =VLOOKUP(A49,'Çalışan Listesi'!A:G,6,0) -> TAKIM LİDERİ YARDIMCISI
A50: 266 | B50: SÜLEYMAN TAKTAKOĞLU | C50: 37609 | D50: =IF($AI$2-C50>=90,90,$AI$2-C50) -> 90 | E50: =D50/90 -> 1 | F50: LOJİSTİK | G50: Yükleme Boşaltma Opr. | H50: 4.KADEME | I50: =IFERROR(VLOOKUP(A50,'Kaizen Listesi'!A:H,8,0),0) -> 0 | J50: =I50*VLOOKUP($I$2,'Kriter Ağırlık'!$A$1:$B$8,2,0) -> 0 | K50: =IFERROR(VLOOKUP(A50,'Hata Kartı '!A:H,8,0),0) -> 0 | L50: =K50*(VLOOKUP($K$2,'Kriter Ağırlık'!$A$1:$B$8,2,0)) -> 0 | M50: =IFERROR(VLOOKUP(F50,'5S'!$B$8:$E$19,4,0),0) -> 1 | N50: =VLOOKUP(M50,'5S'!$G$8:$I$14,3,1)*VLOOKUP($M$2,'Kriter Ağırlık'!$A$1:$B$8,2,0)*E50*X50 -> 8 | O50: =IFERROR(VLOOKUP(A50,Devamsızlıklar!A:K,10,0),0) -> 0 | P50: =VLOOKUP(O50,Aralıklar!$A$2:$C$5,3,1)*VLOOKUP($O$2,'Kriter Ağırlık'!$A$1:$B$8,2,0)*E50*X50 -> 10 | Q50: =IFERROR(VLOOKUP(A50,Devamsızlıklar!A:K,8,0),0) -> 0 | R50: =VLOOKUP(Q50,Aralıklar!$E$2:$G$5,3,1) -> 1 | S50: =IFERROR(VLOOKUP(A50,Devamsızlıklar!A:K,9,0),0) -> 0 | T50: =VLOOKUP(S50,Aralıklar!$I$2:$K$6,3,1) -> 50 | U50: =IFERROR(VLOOKUP(A50,Devamsızlıklar!A:K,11,0),0) -> 0 | V50: =VLOOKUP(U50,Aralıklar!$M$2:$O$6,3,1) -> 50 | W50: =IF(X50=0,0,(T50+V50)*R50*VLOOKUP($W$2,'Kriter Ağırlık'!$A$1:$B$8,2,1)*E50) -> 10 | X50: =IFERROR(VLOOKUP(A50,Devamsızlıklar!A:M,13,0),1) -> 1 | Y50: =(OEE!$K$6*VLOOKUP($Y$2,'Kriter Ağırlık'!$A$1:$B$8,2,1))*X50*E50 -> 35 | Z50: =(TELEF!$I$10*VLOOKUP($Z$2,'Kriter Ağırlık'!$A$1:$B$8,2,1))*X50*E50 -> 15 | AA50: =J50+L50+N50+P50+W50+Y50+Z50 -> 78 | AB50: 5 | AC50: =VLOOKUP(AB50,'Kriter Ağırlık'!$A$12:$C$17,3,0) -> 18.5 | AD50: 2 | AE50: =VLOOKUP(AD50,'Kriter Ağırlık'!$E$12:$G$24,3,0) -> 1.232 | AF50: =AA50*AC50*AE50 -> 1777.776 | AG50: =VLOOKUP(A50,'Çalışan Listesi'!A:G,6,0) -> #N/A
A51: 269 | B51: OĞUZHAN DEMİRTAŞ | C51: 37676 | D51: =IF($AI$2-C51>=90,90,$AI$2-C51) -> 90 | E51: =D51/90 -> 1 | F51: LOJİSTİK | G51: Yükleme Boşaltma Opr. | H51: =VLOOKUP(A51,'Çalışan Listesi'!A:G,7,0) -> 3.KADEME | I51: =IFERROR(VLOOKUP(A51,'Kaizen Listesi'!A:H,8,0),0) -> 0 | J51: =I51*VLOOKUP($I$2,'Kriter Ağırlık'!$A$1:$B$8,2,0) -> 0 | K51: =IFERROR(VLOOKUP(A51,'Hata Kartı '!A:H,8,0),0) -> 0 | L51: =K51*(VLOOKUP($K$2,'Kriter Ağırlık'!$A$1:$B$8,2,0)) -> 0 | M51: =IFERROR(VLOOKUP(F51,'5S'!$B$8:$E$19,4,0),0) -> 1 | N51: =VLOOKUP(M51,'5S'!$G$8:$I$14,3,1)*VLOOKUP($M$2,'Kriter Ağırlık'!$A$1:$B$8,2,0)*E51*X51 -> 8 | O51: =IFERROR(VLOOKUP(A51,Devamsızlıklar!A:K,10,0),0) -> 0 | P51: =VLOOKUP(O51,Aralıklar!$A$2:$C$5,3,1)*VLOOKUP($O$2,'Kriter Ağırlık'!$A$1:$B$8,2,0)*E51*X51 -> 10 | Q51: =IFERROR(VLOOKUP(A51,Devamsızlıklar!A:K,8,0),0) -> 0 | R51: =VLOOKUP(Q51,Aralıklar!$E$2:$G$5,3,1) -> 1 | S51: =IFERROR(VLOOKUP(A51,Devamsızlıklar!A:K,9,0),0) -> 0 | T51: =VLOOKUP(S51,Aralıklar!$I$2:$K$6,3,1) -> 50 | U51: =IFERROR(VLOOKUP(A51,Devamsızlıklar!A:K,11,0),0) -> 0 | V51: =VLOOKUP(U51,Aralıklar!$M$2:$O$6,3,1) -> 50 | W51: =IF(X51=0,0,(T51+V51)*R51*VLOOKUP($W$2,'Kriter Ağırlık'!$A$1:$B$8,2,1)*E51) -> 10 | X51: =IFERROR(VLOOKUP(A51,Devamsızlıklar!A:M,13,0),1) -> 1 | Y51: =(OEE!$K$6*VLOOKUP($Y$2,'Kriter Ağırlık'!$A$1:$B$8,2,1))*X51*E51 -> 35 | Z51: =(TELEF!$I$10*VLOOKUP($Z$2,'Kriter Ağırlık'!$A$1:$B$8,2,1))*X51*E51 -> 15 | AA51: =J51+L51+N51+P51+W51+Y51+Z51 -> 78 | AB51: 5 | AC51: =VLOOKUP(AB51,'Kriter Ağırlık'!$A$12:$C$17,3,0) -> 18.5 | AD51: 3 | AE51: =VLOOKUP(AD51,'Kriter Ağırlık'!$E$12:$G$24,3,0) -> 1.15 | AF51: =AA51*AC51*AE51 -> 1659.45 | AG51: =VLOOKUP(A51,'Çalışan Listesi'!A:G,6,0) -> OPERATÖR
A52: 276 | B52: MEHMET YİTİK | C52: 37831 | D52: =IF($AI$2-C52>=90,90,$AI$2-C52) -> 90 | E52: =D52/90 -> 1 | F52: MİX PAMUK | G52: Pamuk Mix Prese Takım Lideri | H52: =VLOOKUP(A52,'Çalışan Listesi'!A:G,7,0) -> 4.KADEME | I52: =IFERROR(VLOOKUP(A52,'Kaizen Listesi'!A:H,8,0),0) -> 0 | J52: =I52*VLOOKUP($I$2,'Kriter Ağırlık'!$A$1:$B$8,2,0) -> 0 | K52: =IFERROR(VLOOKUP(A52,'Hata Kartı '!A:H,8,0),0) -> 33.333333 | L52: =K52*(VLOOKUP($K$2,'Kriter Ağırlık'!$A$1:$B$8,2,0)) -> 3.3333333 | M52: =IFERROR(VLOOKUP(F52,'5S'!$B$8:$E$19,4,0),0) -> 1 | N52: =VLOOKUP(M52,'5S'!$G$8:$I$14,3,1)*VLOOKUP($M$2,'Kriter Ağırlık'!$A$1:$B$8,2,0)*E52*X52 -> 8 | O52: =IFERROR(VLOOKUP(A52,Devamsızlıklar!A:K,10,0),0) -> 0 | P52: =VLOOKUP(O52,Aralıklar!$A$2:$C$5,3,1)*VLOOKUP($O$2,'Kriter Ağırlık'!$A$1:$B$8,2,0)*E52*X52 -> 10 | Q52: =IFERROR(VLOOKUP(A52,Devamsızlıklar!A:K,8,0),0) -> 0 | R52: =VLOOKUP(Q52,Aralıklar!$E$2:$G$5,3,1) -> 1 | S52: =IFERROR(VLOOKUP(A52,Devamsızlıklar!A:K,9,0),0) -> 0 | T52: =VLOOKUP(S52,Aralıklar!$I$2:$K$6,3,1) -> 50 | U52: =IFERROR(VLOOKUP(A52,Devamsızlıklar!A:K,11,0),0) -> 0 | V52: =VLOOKUP(U52,Aralıklar!$M$2:$O$6,3,1) -> 50 | W52: =IF(X52=0,0,(T52+V52)*R52*VLOOKUP($W$2,'Kriter Ağırlık'!$A$1:$B$8,2,1)*E52) -> 10 | X52: =IFERROR(VLOOKUP(A52,Devamsızlıklar!A:M,13,0),1) -> 1 | Y52: =(OEE!$K$6*VLOOKUP($Y$2,'Kriter Ağırlık'!$A$1:$B$8,2,1))*X52*E52 -> 35 | Z52: =(TELEF!$I$10*VLOOKUP($Z$2,'Kriter Ağırlık'!$A$1:$B$8,2,1))*X52*E52 -> 15 | AA52: =J52+L52+N52+P52+W52+Y52+Z52 -> 81.333333 | AB52: 3 | AC52: =VLOOKUP(AB52,'Kriter Ağırlık'!$A$12:$C$17,3,0) -> 0 | AD52: 2 | AE52: =VLOOKUP(AD52,'Kriter Ağırlık'!$E$12:$G$24,3,0) -> 1.232 | AF52: =AA52*AC52*AE52 -> 0 | AG52: =VLOOKUP(A52,'Çalışan Listesi'!A:G,6,0) -> TAKIM LİDERİ
A53: 279 | B53: SELİM AKKOYUN | C53: 38938 | D53: =IF($AI$2-C53>=90,90,$AI$2-C53) -> 90 | E53: =D53/90 -> 1 | F53: RİNG BOBİN | G53: Ring Bobin Setup Takım Lideri | H53: =VLOOKUP(A53,'Çalışan Listesi'!A:G,7,0) -> 4.KADEME | I53: =IFERROR(VLOOKUP(A53,'Kaizen Listesi'!A:H,8,0),0) -> 33.333333 | J53: =I53*VLOOKUP($I$2,'Kriter Ağırlık'!$A$1:$B$8,2,0) -> 4 | K53: =IFERROR(VLOOKUP(A53,'Hata Kartı '!A:H,8,0),0) -> 0 | L53: =K53*(VLOOKUP($K$2,'Kriter Ağırlık'!$A$1:$B$8,2,0)) -> 0 | M53: =IFERROR(VLOOKUP(F53,'5S'!$B$8:$E$19,4,0),0) -> 1 | N53: =VLOOKUP(M53,'5S'!$G$8:$I$14,3,1)*VLOOKUP($M$2,'Kriter Ağırlık'!$A$1:$B$8,2,0)*E53*X53 -> 8 | O53: =IFERROR(VLOOKUP(A53,Devamsızlıklar!A:K,10,0),0) -> 0 | P53: =VLOOKUP(O53,Aralıklar!$A$2:$C$5,3,1)*VLOOKUP($O$2,'Kriter Ağırlık'!$A$1:$B$8,2,0)*E53*X53 -> 10 | Q53: =IFERROR(VLOOKUP(A53,Devamsızlıklar!A:K,8,0),0) -> 0 | R53: =VLOOKUP(Q53,Aralıklar!$E$2:$G$5,3,1) -> 1 | S53: =IFERROR(VLOOKUP(A53,Devamsızlıklar!A:K,9,0),0) -> 0 | T53: =VLOOKUP(S53,Aralıklar!$I$2:$K$6,3,1) -> 50 | U53: =IFERROR(VLOOKUP(A53,Devamsızlıklar!A:K,11,0),0) -> 0 | V53: =VLOOKUP(U53,Aralıklar!$M$2:$O$6,3,1) -> 50 | W53: =IF(X53=0,0,(T53+V53)*R53*VLOOKUP($W$2,'Kriter Ağırlık'!$A$1:$B$8,2,1)*E53) -> 10 | X53: =IFERROR(VLOOKUP(A53,Devamsızlıklar!A:M,13,0),1) -> 1 | Y53: =(OEE!$K$6*VLOOKUP($Y$2,'Kriter Ağırlık'!$A$1:$B$8,2,1))*X53*E53 -> 35 | Z53: =(TELEF!$I$10*VLOOKUP($Z$2,'Kriter Ağırlık'!$A$1:$B$8,2,1))*X53*E53 -> 15 | AA53: =J53+L53+N53+P53+W53+Y53+Z53 -> 82 | AB53: 3 | AC53: =VLOOKUP(AB53,'Kriter Ağırlık'!$A$12:$C$17,3,0) -> 0 | AD53: 2 | AE53: =VLOOKUP(AD53,'Kriter Ağırlık'!$E$12:$G$24,3,0) -> 1.232 | AF53: =AA53*AC53*AE53 -> 0 | AG53: =VLOOKUP(A53,'Çalışan Listesi'!A:G,6,0) -> TAKIM LİDERİ
A54: 300 | B54: DURMUŞ KAHYA | C54: 38215 | D54: =IF($AI$2-C54>=90,90,$AI$2-C54) -> 90 | E54: =D54/90 -> 1 | F54: RİNG BOBİN | G54: Ring Bobin Setup Takım Lideri | H54: =VLOOKUP(A54,'Çalışan Listesi'!A:G,7,0) -> 4.KADEME | I54: =IFERROR(VLOOKUP(A54,'Kaizen Listesi'!A:H,8,0),0) -> 0 | J54: =I54*VLOOKUP($I$2,'Kriter Ağırlık'!$A$1:$B$8,2,0) -> 0 | K54: =IFERROR(VLOOKUP(A54,'Hata Kartı '!A:H,8,0),0) -> 66.666667 | L54: =K54*(VLOOKUP($K$2,'Kriter Ağırlık'!$A$1:$B$8,2,0)) -> 6.6666667 | M54: =IFERROR(VLOOKUP(F54,'5S'!$B$8:$E$19,4,0),0) -> 1 | N54: =VLOOKUP(M54,'5S'!$G$8:$I$14,3,1)*VLOOKUP($M$2,'Kriter Ağırlık'!$A$1:$B$8,2,0)*E54*X54 -> 8 | O54: =IFERROR(VLOOKUP(A54,Devamsızlıklar!A:K,10,0),0) -> 0 | P54: =VLOOKUP(O54,Aralıklar!$A$2:$C$5,3,1)*VLOOKUP($O$2,'Kriter Ağırlık'!$A$1:$B$8,2,0)*E54*X54 -> 10 | Q54: =IFERROR(VLOOKUP(A54,Devamsızlıklar!A:K,8,0),0) -> 0 | R54: =VLOOKUP(Q54,Aralıklar!$E$2:$G$5,3,1) -> 1 | S54: =IFERROR(VLOOKUP(A54,Devamsızlıklar!A:K,9,0),0) -> 0 | T54: =VLOOKUP(S54,Aralıklar!$I$2:$K$6,3,1) -> 50 | U54: =IFERROR(VLOOKUP(A54,Devamsızlıklar!A:K,11,0),0) -> 0 | V54: =VLOOKUP(U54,Aralıklar!$M$2:$O$6,3,1) -> 50 | W54: =IF(X54=0,0,(T54+V54)*R54*VLOOKUP($W$2,'Kriter Ağırlık'!$A$1:$B$8,2,1)*E54) -> 10 | X54: =IFERROR(VLOOKUP(A54,Devamsızlıklar!A:M,13,0),1) -> 1 | Y54: =(OEE!$K$6*VLOOKUP($Y$2,'Kriter Ağırlık'!$A$1:$B$8,2,1))*X54*E54 -> 35 | Z54: =(TELEF!$I$10*VLOOKUP($Z$2,'Kriter Ağırlık'!$A$1:$B$8,2,1))*X54*E54 -> 15 | AA54: =J54+L54+N54+P54+W54+Y54+Z54 -> 84.666667 | AB54: 3 | AC54: =VLOOKUP(AB54,'Kriter Ağırlık'!$A$12:$C$17,3,0) -> 0 | AD54: 2 | AE54: =VLOOKUP(AD54,'Kriter Ağırlık'!$E$12:$G$24,3,0) -> 1.232 | AF54: =AA54*AC54*AE54 -> 0 | AG54: =VLOOKUP(A54,'Çalışan Listesi'!A:G,6,0) -> TAKIM LİDERİ
A55: 309 | B55: HALİL DENİZ | C55: 38322 | D55: =IF($AI$2-C55>=90,90,$AI$2-C55) -> 90 | E55: =D55/90 -> 1 | F55: İHSARAT | G55: İhsarat Operatörü | H55: =VLOOKUP(A55,'Çalışan Listesi'!A:G,7,0) -> 4.KADEME | I55: =IFERROR(VLOOKUP(A55,'Kaizen Listesi'!A:H,8,0),0) -> 0 | J55: =I55*VLOOKUP($I$2,'Kriter Ağırlık'!$A$1:$B$8,2,0) -> 0 | K55: =IFERROR(VLOOKUP(A55,'Hata Kartı '!A:H,8,0),0) -> 0 | L55: =K55*(VLOOKUP($K$2,'Kriter Ağırlık'!$A$1:$B$8,2,0)) -> 0 | M55: =IFERROR(VLOOKUP(F55,'5S'!$B$8:$E$19,4,0),0) -> 1 | N55: =VLOOKUP(M55,'5S'!$G$8:$I$14,3,1)*VLOOKUP($M$2,'Kriter Ağırlık'!$A$1:$B$8,2,0)*E55*X55 -> 8 | O55: =IFERROR(VLOOKUP(A55,Devamsızlıklar!A:K,10,0),0) -> 0 | P55: =VLOOKUP(O55,Aralıklar!$A$2:$C$5,3,1)*VLOOKUP($O$2,'Kriter Ağırlık'!$A$1:$B$8,2,0)*E55*X55 -> 10 | Q55: =IFERROR(VLOOKUP(A55,Devamsızlıklar!A:K,8,0),0) -> 0 | R55: =VLOOKUP(Q55,Aralıklar!$E$2:$G$5,3,1) -> 1 | S55: =IFERROR(VLOOKUP(A55,Devamsızlıklar!A:K,9,0),0) -> 0 | T55: =VLOOKUP(S55,Aralıklar!$I$2:$K$6,3,1) -> 50 | U55: =IFERROR(VLOOKUP(A55,Devamsızlıklar!A:K,11,0),0) -> 0 | V55: =VLOOKUP(U55,Aralıklar!$M$2:$O$6,3,1) -> 50 | W55: =IF(X55=0,0,(T55+V55)*R55*VLOOKUP($W$2,'Kriter Ağırlık'!$A$1:$B$8,2,1)*E55) -> 10 | X55: =IFERROR(VLOOKUP(A55,Devamsızlıklar!A:M,13,0),1) -> 1 | Y55: =(OEE!$K$6*VLOOKUP($Y$2,'Kriter Ağırlık'!$A$1:$B$8,2,1))*X55*E55 -> 35 | Z55: =(TELEF!$I$10*VLOOKUP($Z$2,'Kriter Ağırlık'!$A$1:$B$8,2,1))*X55*E55 -> 15 | AA55: =J55+L55+N55+P55+W55+Y55+Z55 -> 78 | AB55: 5 | AC55: =VLOOKUP(AB55,'Kriter Ağırlık'!$A$12:$C$17,3,0) -> 18.5 | AD55: 2 | AE55: =VLOOKUP(AD55,'Kriter Ağırlık'!$E$12:$G$24,3,0) -> 1.232 | AF55: =AA55*AC55*AE55 -> 1777.776 | AG55: =VLOOKUP(A55,'Çalışan Listesi'!A:G,6,0) -> OPERATÖR
A56: 315 | B56: ADEM YAPICI | C56: 41080 | D56: =IF($AI$2-C56>=90,90,$AI$2-C56) -> 90 | E56: =D56/90 -> 1 | F56: RİNG BOBİN | G56: Ring Bobin Setup Operatörü | H56: =VLOOKUP(A56,'Çalışan Listesi'!A:G,7,0) -> 3.KADEME | I56: =IFERROR(VLOOKUP(A56,'Kaizen Listesi'!A:H,8,0),0) -> 33.333333 | J56: =I56*VLOOKUP($I$2,'Kriter Ağırlık'!$A$1:$B$8,2,0) -> 4 | K56: =IFERROR(VLOOKUP(A56,'Hata Kartı '!A:H,8,0),0) -> 100 | L56: =K56*(VLOOKUP($K$2,'Kriter Ağırlık'!$A$1:$B$8,2,0)) -> 10 | M56: =IFERROR(VLOOKUP(F56,'5S'!$B$8:$E$19,4,0),0) -> 1 | N56: =VLOOKUP(M56,'5S'!$G$8:$I$14,3,1)*VLOOKUP($M$2,'Kriter Ağırlık'!$A$1:$B$8,2,0)*E56*X56 -> 8 | O56: =IFERROR(VLOOKUP(A56,Devamsızlıklar!A:K,10,0),0) -> 0 | P56: =VLOOKUP(O56,Aralıklar!$A$2:$C$5,3,1)*VLOOKUP($O$2,'Kriter Ağırlık'!$A$1:$B$8,2,0)*E56*X56 -> 10 | Q56: =IFERROR(VLOOKUP(A56,Devamsızlıklar!A:K,8,0),0) -> 0 | R56: =VLOOKUP(Q56,Aralıklar!$E$2:$G$5,3,1) -> 1 | S56: =IFERROR(VLOOKUP(A56,Devamsızlıklar!A:K,9,0),0) -> 0 | T56: =VLOOKUP(S56,Aralıklar!$I$2:$K$6,3,1) -> 50 | U56: =IFERROR(VLOOKUP(A56,Devamsızlıklar!A:K,11,0),0) -> 0 | V56: =VLOOKUP(U56,Aralıklar!$M$2:$O$6,3,1) -> 50 | W56: =IF(X56=0,0,(T56+V56)*R56*VLOOKUP($W$2,'Kriter Ağırlık'!$A$1:$B$8,2,1)*E56) -> 10 | X56: =IFERROR(VLOOKUP(A56,Devamsızlıklar!A:M,13,0),1) -> 1 | Y56: =(OEE!$K$6*VLOOKUP($Y$2,'Kriter Ağırlık'!$A$1:$B$8,2,1))*X56*E56 -> 35 | Z56: =(TELEF!$I$10*VLOOKUP($Z$2,'Kriter Ağırlık'!$A$1:$B$8,2,1))*X56*E56 -> 15 | AA56: =J56+L56+N56+P56+W56+Y56+Z56 -> 92 | AB56: 5 | AC56: =VLOOKUP(AB56,'Kriter Ağırlık'!$A$12:$C$17,3,0) -> 18.5 | AD56: 3 | AE56: =VLOOKUP(AD56,'Kriter Ağırlık'!$E$12:$G$24,3,0) -> 1.15 | AF56: =AA56*AC56*AE56 -> 1957.3 | AG56: =VLOOKUP(A56,'Çalışan Listesi'!A:G,6,0) -> OPERATÖR
A57: 317 | B57: ENGİN TEKİN | C57: 38411 | D57: =IF($AI$2-C57>=90,90,$AI$2-C57) -> 90 | E57: =D57/90 -> 1 | F57: MEKANİK | G57: Mekanik Bakım Takım Lideri | H57: =VLOOKUP(A57,'Çalışan Listesi'!A:G,7,0) -> 3.KADEME | I57: =IFERROR(VLOOKUP(A57,'Kaizen Listesi'!A:H,8,0),0) -> 0 | J57: =I57*VLOOKUP($I$2,'Kriter Ağırlık'!$A$1:$B$8,2,0) -> 0 | K57: =IFERROR(VLOOKUP(A57,'Hata Kartı '!A:H,8,0),0) -> 33.333333 | L57: =K57*(VLOOKUP($K$2,'Kriter Ağırlık'!$A$1:$B$8,2,0)) -> 3.3333333 | M57: =IFERROR(VLOOKUP(F57,'5S'!$B$8:$E$19,4,0),0) -> 1 | N57: =VLOOKUP(M57,'5S'!$G$8:$I$14,3,1)*VLOOKUP($M$2,'Kriter Ağırlık'!$A$1:$B$8,2,0)*E57*X57 -> 7.3777778 | O57: =IFERROR(VLOOKUP(A57,Devamsızlıklar!A:K,10,0),0) -> 0 | P57: =VLOOKUP(O57,Aralıklar!$A$2:$C$5,3,1)*VLOOKUP($O$2,'Kriter Ağırlık'!$A$1:$B$8,2,0)*E57*X57 -> 9.2222222 | Q57: =IFERROR(VLOOKUP(A57,Devamsızlıklar!A:K,8,0),0) -> 0 | R57: =VLOOKUP(Q57,Aralıklar!$E$2:$G$5,3,1) -> 1 | S57: =IFERROR(VLOOKUP(A57,Devamsızlıklar!A:K,9,0),0) -> 0 | T57: =VLOOKUP(S57,Aralıklar!$I$2:$K$6,3,1) -> 50 | U57: =IFERROR(VLOOKUP(A57,Devamsızlıklar!A:K,11,0),0) -> 0 | V57: =VLOOKUP(U57,Aralıklar!$M$2:$O$6,3,1) -> 50 | W57: =IF(X57=0,0,(T57+V57)*R57*VLOOKUP($W$2,'Kriter Ağırlık'!$A$1:$B$8,2,1)*E57) -> 10 | X57: =IFERROR(VLOOKUP(A57,Devamsızlıklar!A:M,13,0),1) -> 0.92222222 | Y57: =(OEE!$K$6*VLOOKUP($Y$2,'Kriter Ağırlık'!$A$1:$B$8,2,1))*X57*E57 -> 32.277778 | Z57: =(TELEF!$I$10*VLOOKUP($Z$2,'Kriter Ağırlık'!$A$1:$B$8,2,1))*X57*E57 -> 13.833333 | AA57: =J57+L57+N57+P57+W57+Y57+Z57 -> 76.044444 | AB57: 3 | AC57: =VLOOKUP(AB57,'Kriter Ağırlık'!$A$12:$C$17,3,0) -> 0 | AD57: 10 | AE57: =VLOOKUP(AD57,'Kriter Ağırlık'!$E$12:$G$24,3,0) -> 1.378 | AF57: =AA57*AC57*AE57 -> 0 | AG57: =VLOOKUP(A57,'Çalışan Listesi'!A:G,6,0) -> TAKIM LİDERİ
A58: 319 | B58: HÜSEYİN MAMUS | C58: 38435 | D58: =IF($AI$2-C58>=90,90,$AI$2-C58) -> 90 | E58: =D58/90 -> 1 | F58: RİNG BOBİN | G58: Ring Bobin Grup Lideri | H58: =VLOOKUP(A58,'Çalışan Listesi'!A:G,7,0) -> 4.KADEME | I58: =IFERROR(VLOOKUP(A58,'Kaizen Listesi'!A:H,8,0),0) -> 0 | J58: =I58*VLOOKUP($I$2,'Kriter Ağırlık'!$A$1:$B$8,2,0) -> 0 | K58: =IFERROR(VLOOKUP(A58,'Hata Kartı '!A:H,8,0),0) -> 0 | L58: =K58*(VLOOKUP($K$2,'Kriter Ağırlık'!$A$1:$B$8,2,0)) -> 0 | M58: =IFERROR(VLOOKUP(F58,'5S'!$B$8:$E$19,4,0),0) -> 1 | N58: =VLOOKUP(M58,'5S'!$G$8:$I$14,3,1)*VLOOKUP($M$2,'Kriter Ağırlık'!$A$1:$B$8,2,0)*E58*X58 -> 8 | O58: =IFERROR(VLOOKUP(A58,Devamsızlıklar!A:K,10,0),0) -> 0 | P58: =VLOOKUP(O58,Aralıklar!$A$2:$C$5,3,1)*VLOOKUP($O$2,'Kriter Ağırlık'!$A$1:$B$8,2,0)*E58*X58 -> 10 | Q58: =IFERROR(VLOOKUP(A58,Devamsızlıklar!A:K,8,0),0) -> 0 | R58: =VLOOKUP(Q58,Aralıklar!$E$2:$G$5,3,1) -> 1 | S58: =IFERROR(VLOOKUP(A58,Devamsızlıklar!A:K,9,0),0) -> 0 | T58: =VLOOKUP(S58,Aralıklar!$I$2:$K$6,3,1) -> 50 | U58: =IFERROR(VLOOKUP(A58,Devamsızlıklar!A:K,11,0),0) -> 0 | V58: =VLOOKUP(U58,Aralıklar!$M$2:$O$6,3,1) -> 50 | W58: =IF(X58=0,0,(T58+V58)*R58*VLOOKUP($W$2,'Kriter Ağırlık'!$A$1:$B$8,2,1)*E58) -> 10 | X58: =IFERROR(VLOOKUP(A58,Devamsızlıklar!A:M,13,0),1) -> 1 | Y58: =(OEE!$K$6*VLOOKUP($Y$2,'Kriter Ağırlık'!$A$1:$B$8,2,1))*X58*E58 -> 35 | Z58: =(TELEF!$I$10*VLOOKUP($Z$2,'Kriter Ağırlık'!$A$1:$B$8,2,1))*X58*E58 -> 15 | AA58: =J58+L58+N58+P58+W58+Y58+Z58 -> 78 | AB58: 2 | AC58: =VLOOKUP(AB58,'Kriter Ağırlık'!$A$12:$C$17,3,0) -> 0 | AD58: 2 | AE58: =VLOOKUP(AD58,'Kriter Ağırlık'!$E$12:$G$24,3,0) -> 1.232 | AF58: =AA58*AC58*AE58 -> 0 | AG58: =VLOOKUP(A58,'Çalışan Listesi'!A:G,6,0) -> GRUP LİDERİ
A59: 329 | B59: HALİL KAYNAR | C59: 38530 | D59: =IF($AI$2-C59>=90,90,$AI$2-C59) -> 90 | E59: =D59/90 -> 1 | F59: RİNG BOBİN | G59: Ring Bobin Setup Takım Lideri | H59: =VLOOKUP(A59,'Çalışan Listesi'!A:G,7,0) -> 4.KADEME | I59: =IFERROR(VLOOKUP(A59,'Kaizen Listesi'!A:H,8,0),0) -> 0 | J59: =I59*VLOOKUP($I$2,'Kriter Ağırlık'!$A$1:$B$8,2,0) -> 0 | K59: =IFERROR(VLOOKUP(A59,'Hata Kartı '!A:H,8,0),0) -> 33.333333 | L59: =K59*(VLOOKUP($K$2,'Kriter Ağırlık'!$A$1:$B$8,2,0)) -> 3.3333333 | M59: =IFERROR(VLOOKUP(F59,'5S'!$B$8:$E$19,4,0),0) -> 1 | N59: =VLOOKUP(M59,'5S'!$G$8:$I$14,3,1)*VLOOKUP($M$2,'Kriter Ağırlık'!$A$1:$B$8,2,0)*E59*X59 -> 8 | O59: =IFERROR(VLOOKUP(A59,Devamsızlıklar!A:K,10,0),0) -> 0 | P59: =VLOOKUP(O59,Aralıklar!$A$2:$C$5,3,1)*VLOOKUP($O$2,'Kriter Ağırlık'!$A$1:$B$8,2,0)*E59*X59 -> 10 | Q59: =IFERROR(VLOOKUP(A59,Devamsızlıklar!A:K,8,0),0) -> 0 | R59: =VLOOKUP(Q59,Aralıklar!$E$2:$G$5,3,1) -> 1 | S59: =IFERROR(VLOOKUP(A59,Devamsızlıklar!A:K,9,0),0) -> 0 | T59: =VLOOKUP(S59,Aralıklar!$I$2:$K$6,3,1) -> 50 | U59: =IFERROR(VLOOKUP(A59,Devamsızlıklar!A:K,11,0),0) -> 0 | V59: =VLOOKUP(U59,Aralıklar!$M$2:$O$6,3,1) -> 50 | W59: =IF(X59=0,0,(T59+V59)*R59*VLOOKUP($W$2,'Kriter Ağırlık'!$A$1:$B$8,2,1)*E59) -> 10 | X59: =IFERROR(VLOOKUP(A59,Devamsızlıklar!A:M,13,0),1) -> 1 | Y59: =(OEE!$K$6*VLOOKUP($Y$2,'Kriter Ağırlık'!$A$1:$B$8,2,1))*X59*E59 -> 35 | Z59: =(TELEF!$I$10*VLOOKUP($Z$2,'Kriter Ağırlık'!$A$1:$B$8,2,1))*X59*E59 -> 15 | AA59: =J59+L59+N59+P59+W59+Y59+Z59 -> 81.333333 | AB59: 3 | AC59: =VLOOKUP(AB59,'Kriter Ağırlık'!$A$12:$C$17,3,0) -> 0 | AD59: 2 | AE59: =VLOOKUP(AD59,'Kriter Ağırlık'!$E$12:$G$24,3,0) -> 1.232 | AF59: =AA59*AC59*AE59 -> 0 | AG59: =VLOOKUP(A59,'Çalışan Listesi'!A:G,6,0) -> TAKIM LİDERİ
A60: 340 | B60: SEVİLAY CEYLAN | C60: 41911 | D60: =IF($AI$2-C60>=90,90,$AI$2-C60) -> 90 | E60: =D60/90 -> 1 | F60: RİNG BOBİN | G60: Ring Bobin Operatörü | H60: =VLOOKUP(A60,'Çalışan Listesi'!A:G,7,0) -> 3.KADEME | I60: =IFERROR(VLOOKUP(A60,'Kaizen Listesi'!A:H,8,0),0) -> 0 | J60: =I60*VLOOKUP($I$2,'Kriter Ağırlık'!$A$1:$B$8,2,0) -> 0 | K60: =IFERROR(VLOOKUP(A60,'Hata Kartı '!A:H,8,0),0) -> 50 | L60: =K60*(VLOOKUP($K$2,'Kriter Ağırlık'!$A$1:$B$8,2,0)) -> 5 | M60: =IFERROR(VLOOKUP(F60,'5S'!$B$8:$E$19,4,0),0) -> 1 | N60: =VLOOKUP(M60,'5S'!$G$8:$I$14,3,1)*VLOOKUP($M$2,'Kriter Ağırlık'!$A$1:$B$8,2,0)*E60*X60 -> 7.3777778 | O60: =IFERROR(VLOOKUP(A60,Devamsızlıklar!A:K,10,0),0) -> 0 | P60: =VLOOKUP(O60,Aralıklar!$A$2:$C$5,3,1)*VLOOKUP($O$2,'Kriter Ağırlık'!$A$1:$B$8,2,0)*E60*X60 -> 9.2222222 | Q60: =IFERROR(VLOOKUP(A60,Devamsızlıklar!A:K,8,0),0) -> 0 | R60: =VLOOKUP(Q60,Aralıklar!$E$2:$G$5,3,1) -> 1 | S60: =IFERROR(VLOOKUP(A60,Devamsızlıklar!A:K,9,0),0) -> 0 | T60: =VLOOKUP(S60,Aralıklar!$I$2:$K$6,3,1) -> 50 | U60: =IFERROR(VLOOKUP(A60,Devamsızlıklar!A:K,11,0),0) -> 0 | V60: =VLOOKUP(U60,Aralıklar!$M$2:$O$6,3,1) -> 50 | W60: =IF(X60=0,0,(T60+V60)*R60*VLOOKUP($W$2,'Kriter Ağırlık'!$A$1:$B$8,2,1)*E60) -> 10 | X60: =IFERROR(VLOOKUP(A60,Devamsızlıklar!A:M,13,0),1) -> 0.92222222 | Y60: =(OEE!$K$6*VLOOKUP($Y$2,'Kriter Ağırlık'!$A$1:$B$8,2,1))*X60*E60 -> 32.277778 | Z60: =(TELEF!$I$10*VLOOKUP($Z$2,'Kriter Ağırlık'!$A$1:$B$8,2,1))*X60*E60 -> 13.833333 | AA60: =J60+L60+N60+P60+W60+Y60+Z60 -> 77.711111 | AB60: 5 | AC60: =VLOOKUP(AB60,'Kriter Ağırlık'!$A$12:$C$17,3,0) -> 18.5 | AD60: 3 | AE60: =VLOOKUP(AD60,'Kriter Ağırlık'!$E$12:$G$24,3,0) -> 1.15 | AF60: =AA60*AC60*AE60 -> 1653.3039 | AG60: =VLOOKUP(A60,'Çalışan Listesi'!A:G,6,0) -> OPERATÖR
A61: 354 | B61: ADEM AYCAN | C61: 38670 | D61: =IF($AI$2-C61>=90,90,$AI$2-C61) -> 90 | E61: =D61/90 -> 1 | F61: RİNG BOBİN | G61: Ring Bobin Setup Operatörü | H61: =VLOOKUP(A61,'Çalışan Listesi'!A:G,7,0) -> 3.KADEME | I61: =IFERROR(VLOOKUP(A61,'Kaizen Listesi'!A:H,8,0),0) -> 0 | J61: =I61*VLOOKUP($I$2,'Kriter Ağırlık'!$A$1:$B$8,2,0) -> 0 | K61: =IFERROR(VLOOKUP(A61,'Hata Kartı '!A:H,8,0),0) -> 33.333333 | L61: =K61*(VLOOKUP($K$2,'Kriter Ağırlık'!$A$1:$B$8,2,0)) -> 3.3333333 | M61: =IFERROR(VLOOKUP(F61,'5S'!$B$8:$E$19,4,0),0) -> 1 | N61: =VLOOKUP(M61,'5S'!$G$8:$I$14,3,1)*VLOOKUP($M$2,'Kriter Ağırlık'!$A$1:$B$8,2,0)*E61*X61 -> 8 | O61: =IFERROR(VLOOKUP(A61,Devamsızlıklar!A:K,10,0),0) -> 0 | P61: =VLOOKUP(O61,Aralıklar!$A$2:$C$5,3,1)*VLOOKUP($O$2,'Kriter Ağırlık'!$A$1:$B$8,2,0)*E61*X61 -> 10 | Q61: =IFERROR(VLOOKUP(A61,Devamsızlıklar!A:K,8,0),0) -> 0 | R61: =VLOOKUP(Q61,Aralıklar!$E$2:$G$5,3,1) -> 1 | S61: =IFERROR(VLOOKUP(A61,Devamsızlıklar!A:K,9,0),0) -> 0 | T61: =VLOOKUP(S61,Aralıklar!$I$2:$K$6,3,1) -> 50 | U61: =IFERROR(VLOOKUP(A61,Devamsızlıklar!A:K,11,0),0) -> 0 | V61: =VLOOKUP(U61,Aralıklar!$M$2:$O$6,3,1) -> 50 | W61: =IF(X61=0,0,(T61+V61)*R61*VLOOKUP($W$2,'Kriter Ağırlık'!$A$1:$B$8,2,1)*E61) -> 10 | X61: =IFERROR(VLOOKUP(A61,Devamsızlıklar!A:M,13,0),1) -> 1 | Y61: =(OEE!$K$6*VLOOKUP($Y$2,'Kriter Ağırlık'!$A$1:$B$8,2,1))*X61*E61 -> 35 | Z61: =(TELEF!$I$10*VLOOKUP($Z$2,'Kriter Ağırlık'!$A$1:$B$8,2,1))*X61*E61 -> 15 | AA61: =J61+L61+N61+P61+W61+Y61+Z61 -> 81.333333 | AB61: 5 | AC61: =VLOOKUP(AB61,'Kriter Ağırlık'!$A$12:$C$17,3,0) -> 18.5 | AD61: 3 | AE61: =VLOOKUP(AD61,'Kriter Ağırlık'!$E$12:$G$24,3,0) -> 1.15 | AF61: =AA61*AC61*AE61 -> 1730.3667 | AG61: =VLOOKUP(A61,'Çalışan Listesi'!A:G,6,0) -> OPERATÖR
A62: 380 | B62: RAMAZAN KOÇ | C62: 40582 | D62: =IF($AI$2-C62>=90,90,$AI$2-C62) -> 90 | E62: =D62/90 -> 1 | F62: RİNG BOBİN | G62: Ring Bobin Setup Operatörü | H62: =VLOOKUP(A62,'Çalışan Listesi'!A:G,7,0) -> 3.KADEME | I62: =IFERROR(VLOOKUP(A62,'Kaizen Listesi'!A:H,8,0),0) -> 0 | J62: =I62*VLOOKUP($I$2,'Kriter Ağırlık'!$A$1:$B$8,2,0) -> 0 | K62: =IFERROR(VLOOKUP(A62,'Hata Kartı '!A:H,8,0),0) -> 0 | L62: =K62*(VLOOKUP($K$2,'Kriter Ağırlık'!$A$1:$B$8,2,0)) -> 0 | M62: =IFERROR(VLOOKUP(F62,'5S'!$B$8:$E$19,4,0),0) -> 1 | N62: =VLOOKUP(M62,'5S'!$G$8:$I$14,3,1)*VLOOKUP($M$2,'Kriter Ağırlık'!$A$1:$B$8,2,0)*E62*X62 -> 7.2888889 | O62: =IFERROR(VLOOKUP(A62,Devamsızlıklar!A:K,10,0),0) -> 0 | P62: =VLOOKUP(O62,Aralıklar!$A$2:$C$5,3,1)*VLOOKUP($O$2,'Kriter Ağırlık'!$A$1:$B$8,2,0)*E62*X62 -> 9.1111111 | Q62: =IFERROR(VLOOKUP(A62,Devamsızlıklar!A:K,8,0),0) -> 0 | R62: =VLOOKUP(Q62,Aralıklar!$E$2:$G$5,3,1) -> 1 | S62: =IFERROR(VLOOKUP(A62,Devamsızlıklar!A:K,9,0),0) -> 0 | T62: =VLOOKUP(S62,Aralıklar!$I$2:$K$6,3,1) -> 50 | U62: =IFERROR(VLOOKUP(A62,Devamsızlıklar!A:K,11,0),0) -> 1 | V62: =VLOOKUP(U62,Aralıklar!$M$2:$O$6,3,1) -> 50 | W62: =IF(X62=0,0,(T62+V62)*R62*VLOOKUP($W$2,'Kriter Ağırlık'!$A$1:$B$8,2,1)*E62) -> 10 | X62: =IFERROR(VLOOKUP(A62,Devamsızlıklar!A:M,13,0),1) -> 0.91111111 | Y62: =(OEE!$K$6*VLOOKUP($Y$2,'Kriter Ağırlık'!$A$1:$B$8,2,1))*X62*E62 -> 31.888889 | Z62: =(TELEF!$I$10*VLOOKUP($Z$2,'Kriter Ağırlık'!$A$1:$B$8,2,1))*X62*E62 -> 13.666667 | AA62: =J62+L62+N62+P62+W62+Y62+Z62 -> 71.955556 | AB62: 5 | AC62: =VLOOKUP(AB62,'Kriter Ağırlık'!$A$12:$C$17,3,0) -> 18.5 | AD62: 3 | AE62: =VLOOKUP(AD62,'Kriter Ağırlık'!$E$12:$G$24,3,0) -> 1.15 | AF62: =AA62*AC62*AE62 -> 1530.8544 | AG62: =VLOOKUP(A62,'Çalışan Listesi'!A:G,6,0) -> OPERATÖR
... A102: 3351 | B102: HALİL MAN | C102: 41632 | D102: =IF($AI$2-C102>=90,90,$AI$2-C102) -> 90 | E102: =D102/90 -> 1 | F102: İHSARAT | G102: İhsarat Operatörü | H102: =VLOOKUP(A102,'Çalışan Listesi'!A:G,7,0) -> 3.KADEME | I102: =IFERROR(VLOOKUP(A102,'Kaizen Listesi'!A:H,8,0),0) -> 0 | J102: =I102*VLOOKUP($I$2,'Kriter Ağırlık'!$A$1:$B$8,2,0) -> 0 | K102: =IFERROR(VLOOKUP(A102,'Hata Kartı '!A:H,8,0),0) -> 0 | L102: =K102*(VLOOKUP($K$2,'Kriter Ağırlık'!$A$1:$B$8,2,0)) -> 0 | M102: =IFERROR(VLOOKUP(F102,'5S'!$B$8:$E$19,4,0),0) -> 1 | N102: =VLOOKUP(M102,'5S'!$G$8:$I$14,3,1)*VLOOKUP($M$2,'Kriter Ağırlık'!$A$1:$B$8,2,0)*E102*X102 -> 8 | O102: =IFERROR(VLOOKUP(A102,Devamsızlıklar!A:K,10,0),0) -> 0 | P102: =VLOOKUP(O102,Aralıklar!$A$2:$C$5,3,1)*VLOOKUP($O$2,'Kriter Ağırlık'!$A$1:$B$8,2,0)*E102*X102 -> 10 | Q102: =IFERROR(VLOOKUP(A102,Devamsızlıklar!A:K,8,0),0) -> 0 | R102: =VLOOKUP(Q102,Aralıklar!$E$2:$G$5,3,1) -> 1 | S102: =IFERROR(VLOOKUP(A102,Devamsızlıklar!A:K,9,0),0) -> 0 | T102: =VLOOKUP(S102,Aralıklar!$I$2:$K$6,3,1) -> 50 | U102: =IFERROR(VLOOKUP(A102,Devamsızlıklar!A:K,11,0),0) -> 0 | V102: =VLOOKUP(U102,Aralıklar!$M$2:$O$6,3,1) -> 50 | W102: =IF(X102=0,0,(T102+V102)*R102*VLOOKUP($W$2,'Kriter Ağırlık'!$A$1:$B$8,2,1)*E102) -> 10 | X102: =IFERROR(VLOOKUP(A102,Devamsızlıklar!A:M,13,0),1) -> 1 | Y102: =(OEE!$K$6*VLOOKUP($Y$2,'Kriter Ağırlık'!$A$1:$B$8,2,1))*X102*E102 -> 35 | Z102: =(TELEF!$I$10*VLOOKUP($Z$2,'Kriter Ağırlık'!$A$1:$B$8,2,1))*X102*E102 -> 15 | AA102: =J102+L102+N102+P102+W102+Y102+Z102 -> 78 | AB102: 5 | AC102: =VLOOKUP(AB102,'Kriter Ağırlık'!$A$12:$C$17,3,0) -> 18.5 | AD102: 3 | AE102: =VLOOKUP(AD102,'Kriter Ağırlık'!$E$12:$G$24,3,0) -> 1.15 | AF102: =AA102*AC102*AE102 -> 1659.45 | AG102: =VLOOKUP(A102,'Çalışan Listesi'!A:G,6,0) -> OPERATÖR
A103: 3366 | B103: SİNAN BANAZ | C103: 41641 | D103: 60 | E103: =D103/90 -> 0.66666667 | F103: SBS RİNG BOBİN | G103: Open End Ring Bobin ve Setup Lideri | H103: =VLOOKUP(A103,'Çalışan Listesi'!A:G,7,0) -> 3.KADEME | I103: =IFERROR(VLOOKUP(A103,'Kaizen Listesi'!A:H,8,0),0) -> 0 | J103: =I103*VLOOKUP($I$2,'Kriter Ağırlık'!$A$1:$B$8,2,0) -> 0 | K103: =IFERROR(VLOOKUP(A103,'Hata Kartı '!A:H,8,0),0) -> 50 | L103: =K103*(VLOOKUP($K$2,'Kriter Ağırlık'!$A$1:$B$8,2,0)) -> 5 | M103: =IFERROR(VLOOKUP(F103,'5S'!$B$8:$E$19,4,0),0) -> 0 | N103: =VLOOKUP(M103,'5S'!$G$8:$I$14,3,1)*VLOOKUP($M$2,'Kriter Ağırlık'!$A$1:$B$8,2,0)*E103*X103 -> 0 | O103: =IFERROR(VLOOKUP(A103,Devamsızlıklar!A:K,10,0),0) -> 0 | P103: =VLOOKUP(O103,Aralıklar!$A$2:$C$5,3,1)*VLOOKUP($O$2,'Kriter Ağırlık'!$A$1:$B$8,2,0)*E103*X103 -> 6.6666667 | Q103: =IFERROR(VLOOKUP(A103,Devamsızlıklar!A:K,8,0),0) -> 0 | R103: =VLOOKUP(Q103,Aralıklar!$E$2:$G$5,3,1) -> 1 | S103: =IFERROR(VLOOKUP(A103,Devamsızlıklar!A:K,9,0),0) -> 0 | T103: =VLOOKUP(S103,Aralıklar!$I$2:$K$6,3,1) -> 50 | U103: =IFERROR(VLOOKUP(A103,Devamsızlıklar!A:K,11,0),0) -> 0 | V103: =VLOOKUP(U103,Aralıklar!$M$2:$O$6,3,1) -> 50 | W103: =IF(X103=0,0,(T103+V103)*R103*VLOOKUP($W$2,'Kriter Ağırlık'!$A$1:$B$8,2,1)*E103) -> 6.6666667 | X103: =IFERROR(VLOOKUP(A103,Devamsızlıklar!A:M,13,0),1) -> 1 | Y103: =(OEE!$K$6*VLOOKUP($Y$2,'Kriter Ağırlık'!$A$1:$B$8,2,1))*X103*E103 -> 23.333333 | Z103: =(TELEF!$I$10*VLOOKUP($Z$2,'Kriter Ağırlık'!$A$1:$B$8,2,1))*X103*E103 -> 10 | AA103: =J103+L103+N103+P103+W103+Y103+Z103 -> 51.666667 | AB103: 4 | AC103: =VLOOKUP(AB103,'Kriter Ağırlık'!$A$12:$C$17,3,0) -> 13.5 | AD103: 3 | AE103: =VLOOKUP(AD103,'Kriter Ağırlık'!$E$12:$G$24,3,0) -> 1.15 | AF103: =AA103*AC103*AE103 -> 802.125 | AG103: =VLOOKUP(A103,'Çalışan Listesi'!A:G,6,0) -> TAKIM LİDERİ
A104: 3410 | B104: DENİZ BURHAN | C104: 41680 | D104: =IF($AI$2-C104>=90,90,$AI$2-C104) -> 90 | E104: =D104/90 -> 1 | F104: MAKİNE TEMİZLİK | G104: Makine Temizlik Takım Lideri Yardımcısı | H104: =VLOOKUP(A104,'Çalışan Listesi'!A:G,7,0) -> 3.KADEME | I104: =IFERROR(VLOOKUP(A104,'Kaizen Listesi'!A:H,8,0),0) -> 0 | J104: =I104*VLOOKUP($I$2,'Kriter Ağırlık'!$A$1:$B$8,2,0) -> 0 | K104: =IFERROR(VLOOKUP(A104,'Hata Kartı '!A:H,8,0),0) -> 66.666667 | L104: =K104*(VLOOKUP($K$2,'Kriter Ağırlık'!$A$1:$B$8,2,0)) -> 6.6666667 | M104: =IFERROR(VLOOKUP(F104,'5S'!$B$8:$E$19,4,0),0) -> 1 | N104: =VLOOKUP(M104,'5S'!$G$8:$I$14,3,1)*VLOOKUP($M$2,'Kriter Ağırlık'!$A$1:$B$8,2,0)*E104*X104 -> 8 | O104: =IFERROR(VLOOKUP(A104,Devamsızlıklar!A:K,10,0),0) -> 0 | P104: =VLOOKUP(O104,Aralıklar!$A$2:$C$5,3,1)*VLOOKUP($O$2,'Kriter Ağırlık'!$A$1:$B$8,2,0)*E104*X104 -> 10 | Q104: =IFERROR(VLOOKUP(A104,Devamsızlıklar!A:K,8,0),0) -> 0 | R104: =VLOOKUP(Q104,Aralıklar!$E$2:$G$5,3,1) -> 1 | S104: =IFERROR(VLOOKUP(A104,Devamsızlıklar!A:K,9,0),0) -> 0 | T104: =VLOOKUP(S104,Aralıklar!$I$2:$K$6,3,1) -> 50 | U104: =IFERROR(VLOOKUP(A104,Devamsızlıklar!A:K,11,0),0) -> 0 | V104: =VLOOKUP(U104,Aralıklar!$M$2:$O$6,3,1) -> 50 | W104: =IF(X104=0,0,(T104+V104)*R104*VLOOKUP($W$2,'Kriter Ağırlık'!$A$1:$B$8,2,1)*E104) -> 10 | X104: =IFERROR(VLOOKUP(A104,Devamsızlıklar!A:M,13,0),1) -> 1 | Y104: =(OEE!$K$6*VLOOKUP($Y$2,'Kriter Ağırlık'!$A$1:$B$8,2,1))*X104*E104 -> 35 | Z104: =(TELEF!$I$10*VLOOKUP($Z$2,'Kriter Ağırlık'!$A$1:$B$8,2,1))*X104*E104 -> 15 | AA104: =J104+L104+N104+P104+W104+Y104+Z104 -> 84.666667 | AB104: 4 | AC104: =VLOOKUP(AB104,'Kriter Ağırlık'!$A$12:$C$17,3,0) -> 13.5 | AD104: 1 | AE104: =VLOOKUP(AD104,'Kriter Ağırlık'!$E$12:$G$24,3,0) -> 1 | AF104: =AA104*AC104*AE104 -> 1143 | AG104: =VLOOKUP(A104,'Çalışan Listesi'!A:G,6,0) -> TAKIM LİDERİ YARDIMCISI
A105: 3412 | B105: AYKUT YILDIZ | C105: 41680 | D105: =IF($AI$2-C105>=90,90,$AI$2-C105) -> 90 | E105: =D105/90 -> 1 | F105: KALİTE | G105: Laborant | H105: =VLOOKUP(A105,'Çalışan Listesi'!A:G,7,0) -> 4.KADEME | I105: =IFERROR(VLOOKUP(A105,'Kaizen Listesi'!A:H,8,0),0) -> 66.666667 | J105: =I105*VLOOKUP($I$2,'Kriter Ağırlık'!$A$1:$B$8,2,0) -> 8 | K105: =IFERROR(VLOOKUP(A105,'Hata Kartı '!A:H,8,0),0) -> 100 | L105: =K105*(VLOOKUP($K$2,'Kriter Ağırlık'!$A$1:$B$8,2,0)) -> 10 | M105: =IFERROR(VLOOKUP(F105,'5S'!$B$8:$E$19,4,0),0) -> 1 | N105: =VLOOKUP(M105,'5S'!$G$8:$I$14,3,1)*VLOOKUP($M$2,'Kriter Ağırlık'!$A$1:$B$8,2,0)*E105*X105 -> 8 | O105: =IFERROR(VLOOKUP(A105,Devamsızlıklar!A:K,10,0),0) -> 0 | P105: =VLOOKUP(O105,Aralıklar!$A$2:$C$5,3,1)*VLOOKUP($O$2,'Kriter Ağırlık'!$A$1:$B$8,2,0)*E105*X105 -> 10 | Q105: =IFERROR(VLOOKUP(A105,Devamsızlıklar!A:K,8,0),0) -> 0 | R105: =VLOOKUP(Q105,Aralıklar!$E$2:$G$5,3,1) -> 1 | S105: =IFERROR(VLOOKUP(A105,Devamsızlıklar!A:K,9,0),0) -> 0 | T105: =VLOOKUP(S105,Aralıklar!$I$2:$K$6,3,1) -> 50 | U105: =IFERROR(VLOOKUP(A105,Devamsızlıklar!A:K,11,0),0) -> 0 | V105: =VLOOKUP(U105,Aralıklar!$M$2:$O$6,3,1) -> 50 | W105: =IF(X105=0,0,(T105+V105)*R105*VLOOKUP($W$2,'Kriter Ağırlık'!$A$1:$B$8,2,1)*E105) -> 10 | X105: =IFERROR(VLOOKUP(A105,Devamsızlıklar!A:M,13,0),1) -> 1 | Y105: =(OEE!$K$6*VLOOKUP($Y$2,'Kriter Ağırlık'!$A$1:$B$8,2,1))*X105*E105 -> 35 | Z105: =(TELEF!$I$10*VLOOKUP($Z$2,'Kriter Ağırlık'!$A$1:$B$8,2,1))*X105*E105 -> 15 | AA105: =J105+L105+N105+P105+W105+Y105+Z105 -> 96 | AB105: 5 | AC105: =VLOOKUP(AB105,'Kriter Ağırlık'!$A$12:$C$17,3,0) -> 18.5 | AD105: 2 | AE105: =VLOOKUP(AD105,'Kriter Ağırlık'!$E$12:$G$24,3,0) -> 1.232 | AF105: =AA105*AC105*AE105 -> 2188.032 | AG105: =VLOOKUP(A105,'Çalışan Listesi'!A:G,6,0) -> OPERATÖR
A106: 3438 | B106: AYDIN ÇAĞLAYAN | C106: 41764 | D106: =IF($AI$2-C106>=90,90,$AI$2-C106) -> 90 | E106: =D106/90 -> 1 | F106: İHSARAT | G106: İhsarat Takım Lideri | H106: =VLOOKUP(A106,'Çalışan Listesi'!A:G,7,0) -> 3.KADEME | I106: =IFERROR(VLOOKUP(A106,'Kaizen Listesi'!A:H,8,0),0) -> 0 | J106: =I106*VLOOKUP($I$2,'Kriter Ağırlık'!$A$1:$B$8,2,0) -> 0 | K106: =IFERROR(VLOOKUP(A106,'Hata Kartı '!A:H,8,0),0) -> 33.333333 | L106: =K106*(VLOOKUP($K$2,'Kriter Ağırlık'!$A$1:$B$8,2,0)) -> 3.3333333 | M106: =IFERROR(VLOOKUP(F106,'5S'!$B$8:$E$19,4,0),0) -> 1 | N106: =VLOOKUP(M106,'5S'!$G$8:$I$14,3,1)*VLOOKUP($M$2,'Kriter Ağırlık'!$A$1:$B$8,2,0)*E106*X106 -> 7.8222222 | O106: =IFERROR(VLOOKUP(A106,Devamsızlıklar!A:K,10,0),0) -> 0 | P106: =VLOOKUP(O106,Aralıklar!$A$2:$C$5,3,1)*VLOOKUP($O$2,'Kriter Ağırlık'!$A$1:$B$8,2,0)*E106*X106 -> 9.7777778 | Q106: =IFERROR(VLOOKUP(A106,Devamsızlıklar!A:K,8,0),0) -> 0 | R106: =VLOOKUP(Q106,Aralıklar!$E$2:$G$5,3,1) -> 1 | S106: =IFERROR(VLOOKUP(A106,Devamsızlıklar!A:K,9,0),0) -> 2 | T106: =VLOOKUP(S106,Aralıklar!$I$2:$K$6,3,1) -> 50 | U106: =IFERROR(VLOOKUP(A106,Devamsızlıklar!A:K,11,0),0) -> 0 | V106: =VLOOKUP(U106,Aralıklar!$M$2:$O$6,3,1) -> 50 | W106: =IF(X106=0,0,(T106+V106)*R106*VLOOKUP($W$2,'Kriter Ağırlık'!$A$1:$B$8,2,1)*E106) -> 10 | X106: =IFERROR(VLOOKUP(A106,Devamsızlıklar!A:M,13,0),1) -> 0.97777778 | Y106: =(OEE!$K$6*VLOOKUP($Y$2,'Kriter Ağırlık'!$A$1:$B$8,2,1))*X106*E106 -> 34.222222 | Z106: =(TELEF!$I$10*VLOOKUP($Z$2,'Kriter Ağırlık'!$A$1:$B$8,2,1))*X106*E106 -> 14.666667 | AA106: =J106+L106+N106+P106+W106+Y106+Z106 -> 79.822222 | AB106: 3 | AC106: =VLOOKUP(AB106,'Kriter Ağırlık'!$A$12:$C$17,3,0) -> 0 | AD106: 3 | AE106: =VLOOKUP(AD106,'Kriter Ağırlık'!$E$12:$G$24,3,0) -> 1.15 | AF106: =AA106*AC106*AE106 -> 0 | AG106: =VLOOKUP(A106,'Çalışan Listesi'!A:G,6,0) -> TAKIM LİDERİ
A107: 3443 | B107: ELİF ÇAKMAK | C107: 41772 | D107: =IF($AI$2-C107>=90,90,$AI$2-C107) -> 90 | E107: =D107/90 -> 1 | F107: RİNG BOBİN | G107: Ring Bobin Operatörü | H107: =VLOOKUP(A107,'Çalışan Listesi'!A:G,7,0) -> 3.KADEME | I107: =IFERROR(VLOOKUP(A107,'Kaizen Listesi'!A:H,8,0),0) -> 0 | J107: =I107*VLOOKUP($I$2,'Kriter Ağırlık'!$A$1:$B$8,2,0) -> 0 | K107: =IFERROR(VLOOKUP(A107,'Hata Kartı '!A:H,8,0),0) -> 16.666667 | L107: =K107*(VLOOKUP($K$2,'Kriter Ağırlık'!$A$1:$B$8,2,0)) -> 1.6666667 | M107: =IFERROR(VLOOKUP(F107,'5S'!$B$8:$E$19,4,0),0) -> 1 | N107: =VLOOKUP(M107,'5S'!$G$8:$I$14,3,1)*VLOOKUP($M$2,'Kriter Ağırlık'!$A$1:$B$8,2,0)*E107*X107 -> 8 | O107: =IFERROR(VLOOKUP(A107,Devamsızlıklar!A:K,10,0),0) -> 0 | P107: =VLOOKUP(O107,Aralıklar!$A$2:$C$5,3,1)*VLOOKUP($O$2,'Kriter Ağırlık'!$A$1:$B$8,2,0)*E107*X107 -> 10 | Q107: =IFERROR(VLOOKUP(A107,Devamsızlıklar!A:K,8,0),0) -> 0 | R107: =VLOOKUP(Q107,Aralıklar!$E$2:$G$5,3,1) -> 1 | S107: =IFERROR(VLOOKUP(A107,Devamsızlıklar!A:K,9,0),0) -> 0 | T107: =VLOOKUP(S107,Aralıklar!$I$2:$K$6,3,1) -> 50 | U107: =IFERROR(VLOOKUP(A107,Devamsızlıklar!A:K,11,0),0) -> 0 | V107: =VLOOKUP(U107,Aralıklar!$M$2:$O$6,3,1) -> 50 | W107: =IF(X107=0,0,(T107+V107)*R107*VLOOKUP($W$2,'Kriter Ağırlık'!$A$1:$B$8,2,1)*E107) -> 10 | X107: =IFERROR(VLOOKUP(A107,Devamsızlıklar!A:M,13,0),1) -> 1 | Y107: =(OEE!$K$6*VLOOKUP($Y$2,'Kriter Ağırlık'!$A$1:$B$8,2,1))*X107*E107 -> 35 | Z107: =(TELEF!$I$10*VLOOKUP($Z$2,'Kriter Ağırlık'!$A$1:$B$8,2,1))*X107*E107 -> 15 | AA107: =J107+L107+N107+P107+W107+Y107+Z107 -> 79.666667 | AB107: 5 | AC107: =VLOOKUP(AB107,'Kriter Ağırlık'!$A$12:$C$17,3,0) -> 18.5 | AD107: 3 | AE107: =VLOOKUP(AD107,'Kriter Ağırlık'!$E$12:$G$24,3,0) -> 1.15 | AF107: =AA107*AC107*AE107 -> 1694.9083 | AG107: =VLOOKUP(A107,'Çalışan Listesi'!A:G,6,0) -> OPERATÖR
A108: 3458 | B108: MEHMET ŞENGÜL | C108: 41792 | D108: =IF($AI$2-C108>=90,90,$AI$2-C108) -> 90 | E108: =D108/90 -> 1 | F108: İHSARAT | G108: Fitil Sıyırma Operatörü | H108: =VLOOKUP(A108,'Çalışan Listesi'!A:G,7,0) -> 3.KADEME | I108: =IFERROR(VLOOKUP(A108,'Kaizen Listesi'!A:H,8,0),0) -> 0 | J108: =I108*VLOOKUP($I$2,'Kriter Ağırlık'!$A$1:$B$8,2,0) -> 0 | K108: =IFERROR(VLOOKUP(A108,'Hata Kartı '!A:H,8,0),0) -> 0 | L108: =K108*(VLOOKUP($K$2,'Kriter Ağırlık'!$A$1:$B$8,2,0)) -> 0 | M108: =IFERROR(VLOOKUP(F108,'5S'!$B$8:$E$19,4,0),0) -> 1 | N108: =VLOOKUP(M108,'5S'!$G$8:$I$14,3,1)*VLOOKUP($M$2,'Kriter Ağırlık'!$A$1:$B$8,2,0)*E108*X108 -> 8 | O108: =IFERROR(VLOOKUP(A108,Devamsızlıklar!A:K,10,0),0) -> 0 | P108: =VLOOKUP(O108,Aralıklar!$A$2:$C$5,3,1)*VLOOKUP($O$2,'Kriter Ağırlık'!$A$1:$B$8,2,0)*E108*X108 -> 10 | Q108: =IFERROR(VLOOKUP(A108,Devamsızlıklar!A:K,8,0),0) -> 0 | R108: =VLOOKUP(Q108,Aralıklar!$E$2:$G$5,3,1) -> 1 | S108: =IFERROR(VLOOKUP(A108,Devamsızlıklar!A:K,9,0),0) -> 0 | T108: =VLOOKUP(S108,Aralıklar!$I$2:$K$6,3,1) -> 50 | U108: =IFERROR(VLOOKUP(A108,Devamsızlıklar!A:K,11,0),0) -> 0 | V108: =VLOOKUP(U108,Aralıklar!$M$2:$O$6,3,1) -> 50 | W108: =IF(X108=0,0,(T108+V108)*R108*VLOOKUP($W$2,'Kriter Ağırlık'!$A$1:$B$8,2,1)*E108) -> 10 | X108: =IFERROR(VLOOKUP(A108,Devamsızlıklar!A:M,13,0),1) -> 1 | Y108: =(OEE!$K$6*VLOOKUP($Y$2,'Kriter Ağırlık'!$A$1:$B$8,2,1))*X108*E108 -> 35 | Z108: =(TELEF!$I$10*VLOOKUP($Z$2,'Kriter Ağırlık'!$A$1:$B$8,2,1))*X108*E108 -> 15 | AA108: =J108+L108+N108+P108+W108+Y108+Z108 -> 78 | AB108: 5 | AC108: =VLOOKUP(AB108,'Kriter Ağırlık'!$A$12:$C$17,3,0) -> 18.5 | AD108: 3 | AE108: =VLOOKUP(AD108,'Kriter Ağırlık'!$E$12:$G$24,3,0) -> 1.15 | AF108: =AA108*AC108*AE108 -> 1659.45 | AG108: =VLOOKUP(A108,'Çalışan Listesi'!A:G,6,0) -> OPERATÖR
A109: 3463 | B109: RAMAZAN ÖZGEN | C109: 41799 | D109: =IF($AI$2-C109>=90,90,$AI$2-C109) -> 90 | E109: =D109/90 -> 1 | F109: ENERJİ | G109: Klima Bakım Takım Lideri | H109: =VLOOKUP(A109,'Çalışan Listesi'!A:G,7,0) -> 3.KADEME | I109: =IFERROR(VLOOKUP(A109,'Kaizen Listesi'!A:H,8,0),0) -> 0 | J109: =I109*VLOOKUP($I$2,'Kriter Ağırlık'!$A$1:$B$8,2,0) -> 0 | K109: =IFERROR(VLOOKUP(A109,'Hata Kartı '!A:H,8,0),0) -> 0 | L109: =K109*(VLOOKUP($K$2,'Kriter Ağırlık'!$A$1:$B$8,2,0)) -> 0 | M109: =IFERROR(VLOOKUP(F109,'5S'!$B$8:$E$19,4,0),0) -> 1 | N109: =VLOOKUP(M109,'5S'!$G$8:$I$14,3,1)*VLOOKUP($M$2,'Kriter Ağırlık'!$A$1:$B$8,2,0)*E109*X109 -> 8 | O109: =IFERROR(VLOOKUP(A109,Devamsızlıklar!A:K,10,0),0) -> 0 | P109: =VLOOKUP(O109,Aralıklar!$A$2:$C$5,3,1)*VLOOKUP($O$2,'Kriter Ağırlık'!$A$1:$B$8,2,0)*E109*X109 -> 10 | Q109: =IFERROR(VLOOKUP(A109,Devamsızlıklar!A:K,8,0),0) -> 0 | R109: =VLOOKUP(Q109,Aralıklar!$E$2:$G$5,3,1) -> 1 | S109: =IFERROR(VLOOKUP(A109,Devamsızlıklar!A:K,9,0),0) -> 0 | T109: =VLOOKUP(S109,Aralıklar!$I$2:$K$6,3,1) -> 50 | U109: =IFERROR(VLOOKUP(A109,Devamsızlıklar!A:K,11,0),0) -> 0 | V109: =VLOOKUP(U109,Aralıklar!$M$2:$O$6,3,1) -> 50 | W109: =IF(X109=0,0,(T109+V109)*R109*VLOOKUP($W$2,'Kriter Ağırlık'!$A$1:$B$8,2,1)*E109) -> 10 | X109: =IFERROR(VLOOKUP(A109,Devamsızlıklar!A:M,13,0),1) -> 1 | Y109: =(OEE!$K$6*VLOOKUP($Y$2,'Kriter Ağırlık'!$A$1:$B$8,2,1))*X109*E109 -> 35 | Z109: =(TELEF!$I$10*VLOOKUP($Z$2,'Kriter Ağırlık'!$A$1:$B$8,2,1))*X109*E109 -> 15 | AA109: =J109+L109+N109+P109+W109+Y109+Z109 -> 78 | AB109: 3 | AC109: =VLOOKUP(AB109,'Kriter Ağırlık'!$A$12:$C$17,3,0) -> 0 | AD109: 7 | AE109: =VLOOKUP(AD109,'Kriter Ağırlık'!$E$12:$G$24,3,0) -> 1.19 | AF109: =AA109*AC109*AE109 -> 0 | AG109: =VLOOKUP(A109,'Çalışan Listesi'!A:G,6,0) -> TAKIM LİDERİ
A110: 3468 | B110: ŞÜKRÜ MERSİN | C110: 41813 | D110: =IF($AI$2-C110>=90,90,$AI$2-C110) -> 90 | E110: =D110/90 -> 1 | F110: OPENEND | G110: Opend End Operatörü | H110: =VLOOKUP(A110,'Çalışan Listesi'!A:G,7,0) -> 3.KADEME | I110: =IFERROR(VLOOKUP(A110,'Kaizen Listesi'!A:H,8,0),0) -> 0 | J110: =I110*VLOOKUP($I$2,'Kriter Ağırlık'!$A$1:$B$8,2,0) -> 0 | K110: =IFERROR(VLOOKUP(A110,'Hata Kartı '!A:H,8,0),0) -> 0 | L110: =K110*(VLOOKUP($K$2,'Kriter Ağırlık'!$A$1:$B$8,2,0)) -> 0 | M110: =IFERROR(VLOOKUP(F110,'5S'!$B$8:$E$19,4,0),0) -> 1 | N110: =VLOOKUP(M110,'5S'!$G$8:$I$14,3,1)*VLOOKUP($M$2,'Kriter Ağırlık'!$A$1:$B$8,2,0)*E110*X110 -> 8 | O110: =IFERROR(VLOOKUP(A110,Devamsızlıklar!A:K,10,0),0) -> 0 | P110: =VLOOKUP(O110,Aralıklar!$A$2:$C$5,3,1)*VLOOKUP($O$2,'Kriter Ağırlık'!$A$1:$B$8,2,0)*E110*X110 -> 10 | Q110: =IFERROR(VLOOKUP(A110,Devamsızlıklar!A:K,8,0),0) -> 0 | R110: =VLOOKUP(Q110,Aralıklar!$E$2:$G$5,3,1) -> 1 | S110: =IFERROR(VLOOKUP(A110,Devamsızlıklar!A:K,9,0),0) -> 0 | T110: =VLOOKUP(S110,Aralıklar!$I$2:$K$6,3,1) -> 50 | U110: =IFERROR(VLOOKUP(A110,Devamsızlıklar!A:K,11,0),0) -> 0 | V110: =VLOOKUP(U110,Aralıklar!$M$2:$O$6,3,1) -> 50 | W110: =IF(X110=0,0,(T110+V110)*R110*VLOOKUP($W$2,'Kriter Ağırlık'!$A$1:$B$8,2,1)*E110) -> 10 | X110: =IFERROR(VLOOKUP(A110,Devamsızlıklar!A:M,13,0),1) -> 1 | Y110: =(OEE!$K$6*VLOOKUP($Y$2,'Kriter Ağırlık'!$A$1:$B$8,2,1))*X110*E110 -> 35 | Z110: =(TELEF!$I$10*VLOOKUP($Z$2,'Kriter Ağırlık'!$A$1:$B$8,2,1))*X110*E110 -> 15 | AA110: =J110+L110+N110+P110+W110+Y110+Z110 -> 78 | AB110: 5 | AC110: =VLOOKUP(AB110,'Kriter Ağırlık'!$A$12:$C$17,3,0) -> 18.5 | AD110: 3 | AE110: =VLOOKUP(AD110,'Kriter Ağırlık'!$E$12:$G$24,3,0) -> 1.15 | AF110: =AA110*AC110*AE110 -> 1659.45 | AG110: =VLOOKUP(A110,'Çalışan Listesi'!A:G,6,0) -> OPERATÖR
A111: 3482 | B111: URKİYE SÜMENOĞLU | C111: 41841 | D111: =IF($AI$2-C111>=90,90,$AI$2-C111) -> 90 | E111: =D111/90 -> 1 | F111: RİNG BOBİN | G111: Ring Bobin Operatörü | H111: =VLOOKUP(A111,'Çalışan Listesi'!A:G,7,0) -> 3.KADEME | I111: =IFERROR(VLOOKUP(A111,'Kaizen Listesi'!A:H,8,0),0) -> 0 | J111: =I111*VLOOKUP($I$2,'Kriter Ağırlık'!$A$1:$B$8,2,0) -> 0 | K111: =IFERROR(VLOOKUP(A111,'Hata Kartı '!A:H,8,0),0) -> 16.666667 | L111: =K111*(VLOOKUP($K$2,'Kriter Ağırlık'!$A$1:$B$8,2,0)) -> 1.6666667 | M111: =IFERROR(VLOOKUP(F111,'5S'!$B$8:$E$19,4,0),0) -> 1 | N111: =VLOOKUP(M111,'5S'!$G$8:$I$14,3,1)*VLOOKUP($M$2,'Kriter Ağırlık'!$A$1:$B$8,2,0)*E111*X111 -> 7.4666667 | O111: =IFERROR(VLOOKUP(A111,Devamsızlıklar!A:K,10,0),0) -> 0 | P111: =VLOOKUP(O111,Aralıklar!$A$2:$C$5,3,1)*VLOOKUP($O$2,'Kriter Ağırlık'!$A$1:$B$8,2,0)*E111*X111 -> 9.3333333 | Q111: =IFERROR(VLOOKUP(A111,Devamsızlıklar!A:K,8,0),0) -> 0 | R111: =VLOOKUP(Q111,Aralıklar!$E$2:$G$5,3,1) -> 1 | S111: =IFERROR(VLOOKUP(A111,Devamsızlıklar!A:K,9,0),0) -> 0 | T111: =VLOOKUP(S111,Aralıklar!$I$2:$K$6,3,1) -> 50 | U111: =IFERROR(VLOOKUP(A111,Devamsızlıklar!A:K,11,0),0) -> 0 | V111: =VLOOKUP(U111,Aralıklar!$M$2:$O$6,3,1) -> 50 | W111: =IF(X111=0,0,(T111+V111)*R111*VLOOKUP($W$2,'Kriter Ağırlık'!$A$1:$B$8,2,1)*E111) -> 10 | X111: =IFERROR(VLOOKUP(A111,Devamsızlıklar!A:M,13,0),1) -> 0.93333333 | Y111: =(OEE!$K$6*VLOOKUP($Y$2,'Kriter Ağırlık'!$A$1:$B$8,2,1))*X111*E111 -> 32.666667 | Z111: =(TELEF!$I$10*VLOOKUP($Z$2,'Kriter Ağırlık'!$A$1:$B$8,2,1))*X111*E111 -> 14 | AA111: =J111+L111+N111+P111+W111+Y111+Z111 -> 75.133333 | AB111: 5 | AC111: =VLOOKUP(AB111,'Kriter Ağırlık'!$A$12:$C$17,3,0) -> 18.5 | AD111: 3 | AE111: =VLOOKUP(AD111,'Kriter Ağırlık'!$E$12:$G$24,3,0) -> 1.15 | AF111: =AA111*AC111*AE111 -> 1598.4617 | AG111: =VLOOKUP(A111,'Çalışan Listesi'!A:G,6,0) -> OPERATÖR
A112: 3486 | B112: HASAN ÇAKIR | C112: 41855 | D112: =IF($AI$2-C112>=90,90,$AI$2-C112) -> 90 | E112: =D112/90 -> 1 | F112: ENERJİ | G112: Elektrik Bakım Operatörü | H112: =VLOOKUP(A112,'Çalışan Listesi'!A:G,7,0) -> 3.KADEME | I112: =IFERROR(VLOOKUP(A112,'Kaizen Listesi'!A:H,8,0),0) -> 0 | J112: =I112*VLOOKUP($I$2,'Kriter Ağırlık'!$A$1:$B$8,2,0) -> 0 | K112: =IFERROR(VLOOKUP(A112,'Hata Kartı '!A:H,8,0),0) -> 66.666667 | L112: =K112*(VLOOKUP($K$2,'Kriter Ağırlık'!$A$1:$B$8,2,0)) -> 6.6666667 | M112: =IFERROR(VLOOKUP(F112,'5S'!$B$8:$E$19,4,0),0) -> 1 | N112: =VLOOKUP(M112,'5S'!$G$8:$I$14,3,1)*VLOOKUP($M$2,'Kriter Ağırlık'!$A$1:$B$8,2,0)*E112*X112 -> 8 | O112: =IFERROR(VLOOKUP(A112,Devamsızlıklar!A:K,10,0),0) -> 0 | P112: =VLOOKUP(O112,Aralıklar!$A$2:$C$5,3,1)*VLOOKUP($O$2,'Kriter Ağırlık'!$A$1:$B$8,2,0)*E112*X112 -> 10 | Q112: =IFERROR(VLOOKUP(A112,Devamsızlıklar!A:K,8,0),0) -> 0 | R112: =VLOOKUP(Q112,Aralıklar!$E$2:$G$5,3,1) -> 1 | S112: =IFERROR(VLOOKUP(A112,Devamsızlıklar!A:K,9,0),0) -> 0 | T112: =VLOOKUP(S112,Aralıklar!$I$2:$K$6,3,1) -> 50 | U112: =IFERROR(VLOOKUP(A112,Devamsızlıklar!A:K,11,0),0) -> 0 | V112: =VLOOKUP(U112,Aralıklar!$M$2:$O$6,3,1) -> 50 | W112: =IF(X112=0,0,(T112+V112)*R112*VLOOKUP($W$2,'Kriter Ağırlık'!$A$1:$B$8,2,1)*E112) -> 10 | X112: =IFERROR(VLOOKUP(A112,Devamsızlıklar!A:M,13,0),1) -> 1 | Y112: =(OEE!$K$6*VLOOKUP($Y$2,'Kriter Ağırlık'!$A$1:$B$8,2,1))*X112*E112 -> 35 | Z112: =(TELEF!$I$10*VLOOKUP($Z$2,'Kriter Ağırlık'!$A$1:$B$8,2,1))*X112*E112 -> 15 | AA112: =J112+L112+N112+P112+W112+Y112+Z112 -> 84.666667 | AB112: 5 | AC112: =VLOOKUP(AB112,'Kriter Ağırlık'!$A$12:$C$17,3,0) -> 18.5 | AD112: 7 | AE112: =VLOOKUP(AD112,'Kriter Ağırlık'!$E$12:$G$24,3,0) -> 1.19 | AF112: =AA112*AC112*AE112 -> 1863.9367 | AG112: =VLOOKUP(A112,'Çalışan Listesi'!A:G,6,0) -> TEKNİSYEN
A113: 3502 | B113: SEVGİ KILINÇ | C113: 41862 | D113: =IF($AI$2-C113>=90,90,$AI$2-C113) -> 90 | E113: =D113/90 -> 1 | F113: RİNG BOBİN | G113: Ring Bobin Operatörü | H113: =VLOOKUP(A113,'Çalışan Listesi'!A:G,7,0) -> 3.KADEME | I113: =IFERROR(VLOOKUP(A113,'Kaizen Listesi'!A:H,8,0),0) -> 0 | J113: =I113*VLOOKUP($I$2,'Kriter Ağırlık'!$A$1:$B$8,2,0) -> 0 | K113: =IFERROR(VLOOKUP(A113,'Hata Kartı '!A:H,8,0),0) -> 66.666667 | L113: =K113*(VLOOKUP($K$2,'Kriter Ağırlık'!$A$1:$B$8,2,0)) -> 6.6666667 | M113: =IFERROR(VLOOKUP(F113,'5S'!$B$8:$E$19,4,0),0) -> 1 | N113: =VLOOKUP(M113,'5S'!$G$8:$I$14,3,1)*VLOOKUP($M$2,'Kriter Ağırlık'!$A$1:$B$8,2,0)*E113*X113 -> 8 | O113: =IFERROR(VLOOKUP(A113,Devamsızlıklar!A:K,10,0),0) -> 0 | P113: =VLOOKUP(O113,Aralıklar!$A$2:$C$5,3,1)*VLOOKUP($O$2,'Kriter Ağırlık'!$A$1:$B$8,2,0)*E113*X113 -> 10 | Q113: =IFERROR(VLOOKUP(A113,Devamsızlıklar!A:K,8,0),0) -> 0 | R113: =VLOOKUP(Q113,Aralıklar!$E$2:$G$5,3,1) -> 1 | S113: =IFERROR(VLOOKUP(A113,Devamsızlıklar!A:K,9,0),0) -> 0 | T113: =VLOOKUP(S113,Aralıklar!$I$2:$K$6,3,1) -> 50 | U113: =IFERROR(VLOOKUP(A113,Devamsızlıklar!A:K,11,0),0) -> 0 | V113: =VLOOKUP(U113,Aralıklar!$M$2:$O$6,3,1) -> 50 | W113: =IF(X113=0,0,(T113+V113)*R113*VLOOKUP($W$2,'Kriter Ağırlık'!$A$1:$B$8,2,1)*E113) -> 10 | X113: =IFERROR(VLOOKUP(A113,Devamsızlıklar!A:M,13,0),1) -> 1 | Y113: =(OEE!$K$6*VLOOKUP($Y$2,'Kriter Ağırlık'!$A$1:$B$8,2,1))*X113*E113 -> 35 | Z113: =(TELEF!$I$10*VLOOKUP($Z$2,'Kriter Ağırlık'!$A$1:$B$8,2,1))*X113*E113 -> 15 | AA113: =J113+L113+N113+P113+W113+Y113+Z113 -> 84.666667 | AB113: 5 | AC113: =VLOOKUP(AB113,'Kriter Ağırlık'!$A$12:$C$17,3,0) -> 18.5 | AD113: 3 | AE113: =VLOOKUP(AD113,'Kriter Ağırlık'!$E$12:$G$24,3,0) -> 1.15 | AF113: =AA113*AC113*AE113 -> 1801.2833 | AG113: =VLOOKUP(A113,'Çalışan Listesi'!A:G,6,0) -> OPERATÖR
A114: 3522 | B114: GÜLBİYE ÇELİK | C114: 41904 | D114: =IF($AI$2-C114>=90,90,$AI$2-C114) -> 90 | E114: =D114/90 -> 1 | F114: KATLAMA BÜKÜM | G114: Katlama Büküm Operatörü | H114: =VLOOKUP(A114,'Çalışan Listesi'!A:G,7,0) -> 3.KADEME | I114: =IFERROR(VLOOKUP(A114,'Kaizen Listesi'!A:H,8,0),0) -> 0 | J114: =I114*VLOOKUP($I$2,'Kriter Ağırlık'!$A$1:$B$8,2,0) -> 0 | K114: =IFERROR(VLOOKUP(A114,'Hata Kartı '!A:H,8,0),0) -> 33.333333 | L114: =K114*(VLOOKUP($K$2,'Kriter Ağırlık'!$A$1:$B$8,2,0)) -> 3.3333333 | M114: =IFERROR(VLOOKUP(F114,'5S'!$B$8:$E$19,4,0),0) -> 1 | N114: =VLOOKUP(M114,'5S'!$G$8:$I$14,3,1)*VLOOKUP($M$2,'Kriter Ağırlık'!$A$1:$B$8,2,0)*E114*X114 -> 8 | O114: =IFERROR(VLOOKUP(A114,Devamsızlıklar!A:K,10,0),0) -> 0 | P114: =VLOOKUP(O114,Aralıklar!$A$2:$C$5,3,1)*VLOOKUP($O$2,'Kriter Ağırlık'!$A$1:$B$8,2,0)*E114*X114 -> 10 | Q114: =IFERROR(VLOOKUP(A114,Devamsızlıklar!A:K,8,0),0) -> 0 | R114: =VLOOKUP(Q114,Aralıklar!$E$2:$G$5,3,1) -> 1 | S114: =IFERROR(VLOOKUP(A114,Devamsızlıklar!A:K,9,0),0) -> 0 | T114: =VLOOKUP(S114,Aralıklar!$I$2:$K$6,3,1) -> 50 | U114: =IFERROR(VLOOKUP(A114,Devamsızlıklar!A:K,11,0),0) -> 0 | V114: =VLOOKUP(U114,Aralıklar!$M$2:$O$6,3,1) -> 50 | W114: =IF(X114=0,0,(T114+V114)*R114*VLOOKUP($W$2,'Kriter Ağırlık'!$A$1:$B$8,2,1)*E114) -> 10 | X114: =IFERROR(VLOOKUP(A114,Devamsızlıklar!A:M,13,0),1) -> 1 | Y114: =(OEE!$K$6*VLOOKUP($Y$2,'Kriter Ağırlık'!$A$1:$B$8,2,1))*X114*E114 -> 35 | Z114: =(TELEF!$I$10*VLOOKUP($Z$2,'Kriter Ağırlık'!$A$1:$B$8,2,1))*X114*E114 -> 15 | AA114: =J114+L114+N114+P114+W114+Y114+Z114 -> 81.333333 | AB114: 5 | AC114: =VLOOKUP(AB114,'Kriter Ağırlık'!$A$12:$C$17,3,0) -> 18.5 | AD114: 3 | AE114: =VLOOKUP(AD114,'Kriter Ağırlık'!$E$12:$G$24,3,0) -> 1.15 | AF114: =AA114*AC114*AE114 -> 1730.3667 | AG114: =VLOOKUP(A114,'Çalışan Listesi'!A:G,6,0) -> OPERATÖR
A115: 3549 | B115: KEMAL YALÇIN | C115: 41939 | D115: =IF($AI$2-C115>=90,90,$AI$2-C115) -> 90 | E115: =D115/90 -> 1 | F115: OPENEND | G115: Open End Takım Lideri | H115: =VLOOKUP(A115,'Çalışan Listesi'!A:G,7,0) -> 3.KADEME | I115: =IFERROR(VLOOKUP(A115,'Kaizen Listesi'!A:H,8,0),0) -> 0 | J115: =I115*VLOOKUP($I$2,'Kriter Ağırlık'!$A$1:$B$8,2,0) -> 0 | K115: =IFERROR(VLOOKUP(A115,'Hata Kartı '!A:H,8,0),0) -> 16.666667 | L115: =K115*(VLOOKUP($K$2,'Kriter Ağırlık'!$A$1:$B$8,2,0)) -> 1.6666667 | M115: =IFERROR(VLOOKUP(F115,'5S'!$B$8:$E$19,4,0),0) -> 1 | N115: =VLOOKUP(M115,'5S'!$G$8:$I$14,3,1)*VLOOKUP($M$2,'Kriter Ağırlık'!$A$1:$B$8,2,0)*E115*X115 -> 8 | O115: =IFERROR(VLOOKUP(A115,Devamsızlıklar!A:K,10,0),0) -> 0 | P115: =VLOOKUP(O115,Aralıklar!$A$2:$C$5,3,1)*VLOOKUP($O$2,'Kriter Ağırlık'!$A$1:$B$8,2,0)*E115*X115 -> 10 | Q115: =IFERROR(VLOOKUP(A115,Devamsızlıklar!A:K,8,0),0) -> 0 | R115: =VLOOKUP(Q115,Aralıklar!$E$2:$G$5,3,1) -> 1 | S115: =IFERROR(VLOOKUP(A115,Devamsızlıklar!A:K,9,0),0) -> 0 | T115: =VLOOKUP(S115,Aralıklar!$I$2:$K$6,3,1) -> 50 | U115: =IFERROR(VLOOKUP(A115,Devamsızlıklar!A:K,11,0),0) -> 0 | V115: =VLOOKUP(U115,Aralıklar!$M$2:$O$6,3,1) -> 50 | W115: =IF(X115=0,0,(T115+V115)*R115*VLOOKUP($W$2,'Kriter Ağırlık'!$A$1:$B$8,2,1)*E115) -> 10 | X115: =IFERROR(VLOOKUP(A115,Devamsızlıklar!A:M,13,0),1) -> 1 | Y115: =(OEE!$K$6*VLOOKUP($Y$2,'Kriter Ağırlık'!$A$1:$B$8,2,1))*X115*E115 -> 35 | Z115: =(TELEF!$I$10*VLOOKUP($Z$2,'Kriter Ağırlık'!$A$1:$B$8,2,1))*X115*E115 -> 15 | AA115: =J115+L115+N115+P115+W115+Y115+Z115 -> 79.666667 | AB115: 3 | AC115: =VLOOKUP(AB115,'Kriter Ağırlık'!$A$12:$C$17,3,0) -> 0 | AD115: 3 | AE115: =VLOOKUP(AD115,'Kriter Ağırlık'!$E$12:$G$24,3,0) -> 1.15 | AF115: =AA115*AC115*AE115 -> 0 | AG115: =VLOOKUP(A115,'Çalışan Listesi'!A:G,6,0) -> TAKIM LİDERİ
... A142: 3802 | B142: TURGAY ARSLAN | C142: 42478 | D142: =IF($AI$2-C142>=90,90,$AI$2-C142) -> 90 | E142: =D142/90 -> 1 | F142: İHSARAT | G142: İhsarat Operatörü | H142: =VLOOKUP(A142,'Çalışan Listesi'!A:G,7,0) -> 3.KADEME | I142: =IFERROR(VLOOKUP(A142,'Kaizen Listesi'!A:H,8,0),0) -> 0 | J142: =I142*VLOOKUP($I$2,'Kriter Ağırlık'!$A$1:$B$8,2,0) -> 0 | K142: =IFERROR(VLOOKUP(A142,'Hata Kartı '!A:H,8,0),0) -> 0 | L142: =K142*(VLOOKUP($K$2,'Kriter Ağırlık'!$A$1:$B$8,2,0)) -> 0 | M142: =IFERROR(VLOOKUP(F142,'5S'!$B$8:$E$19,4,0),0) -> 1 | N142: =VLOOKUP(M142,'5S'!$G$8:$I$14,3,1)*VLOOKUP($M$2,'Kriter Ağırlık'!$A$1:$B$8,2,0)*E142*X142 -> 8 | O142: =IFERROR(VLOOKUP(A142,Devamsızlıklar!A:K,10,0),0) -> 0 | P142: =VLOOKUP(O142,Aralıklar!$A$2:$C$5,3,1)*VLOOKUP($O$2,'Kriter Ağırlık'!$A$1:$B$8,2,0)*E142*X142 -> 10 | Q142: =IFERROR(VLOOKUP(A142,Devamsızlıklar!A:K,8,0),0) -> 0 | R142: =VLOOKUP(Q142,Aralıklar!$E$2:$G$5,3,1) -> 1 | S142: =IFERROR(VLOOKUP(A142,Devamsızlıklar!A:K,9,0),0) -> 0 | T142: =VLOOKUP(S142,Aralıklar!$I$2:$K$6,3,1) -> 50 | U142: =IFERROR(VLOOKUP(A142,Devamsızlıklar!A:K,11,0),0) -> 0 | V142: =VLOOKUP(U142,Aralıklar!$M$2:$O$6,3,1) -> 50 | W142: =IF(X142=0,0,(T142+V142)*R142*VLOOKUP($W$2,'Kriter Ağırlık'!$A$1:$B$8,2,1)*E142) -> 10 | X142: =IFERROR(VLOOKUP(A142,Devamsızlıklar!A:M,13,0),1) -> 1 | Y142: =(OEE!$K$6*VLOOKUP($Y$2,'Kriter Ağırlık'!$A$1:$B$8,2,1))*X142*E142 -> 35 | Z142: =(TELEF!$I$10*VLOOKUP($Z$2,'Kriter Ağırlık'!$A$1:$B$8,2,1))*X142*E142 -> 15 | AA142: =J142+L142+N142+P142+W142+Y142+Z142 -> 78 | AB142: 5 | AC142: =VLOOKUP(AB142,'Kriter Ağırlık'!$A$12:$C$17,3,0) -> 18.5 | AD142: 3 | AE142: =VLOOKUP(AD142,'Kriter Ağırlık'!$E$12:$G$24,3,0) -> 1.15 | AF142: =AA142*AC142*AE142 -> 1659.45 | AG142: =VLOOKUP(A142,'Çalışan Listesi'!A:G,6,0) -> OPERATÖR
A143: 3805 | B143: ŞEYDA ÖZ | C143: 42496 | D143: 60 | E143: =D143/90 -> 0.66666667 | F143: RİNG BOBİN | G143: Ring Bobin Takım Lideri | H143: =VLOOKUP(A143,'Çalışan Listesi'!A:G,7,0) -> 3.KADEME | I143: =IFERROR(VLOOKUP(A143,'Kaizen Listesi'!A:H,8,0),0) -> 0 | J143: =I143*VLOOKUP($I$2,'Kriter Ağırlık'!$A$1:$B$8,2,0) -> 0 | K143: =IFERROR(VLOOKUP(A143,'Hata Kartı '!A:H,8,0),0) -> 50 | L143: =K143*(VLOOKUP($K$2,'Kriter Ağırlık'!$A$1:$B$8,2,0)) -> 5 | M143: =IFERROR(VLOOKUP(F143,'5S'!$B$8:$E$19,4,0),0) -> 1 | N143: =VLOOKUP(M143,'5S'!$G$8:$I$14,3,1)*VLOOKUP($M$2,'Kriter Ağırlık'!$A$1:$B$8,2,0)*E143*X143 -> 3.7333333 | O143: =IFERROR(VLOOKUP(A143,Devamsızlıklar!A:K,10,0),0) -> 17 | P143: =VLOOKUP(O143,Aralıklar!$A$2:$C$5,3,1)*VLOOKUP($O$2,'Kriter Ağırlık'!$A$1:$B$8,2,0)*E143*X143 -> 0 | Q143: =IFERROR(VLOOKUP(A143,Devamsızlıklar!A:K,8,0),0) -> 0 | R143: =VLOOKUP(Q143,Aralıklar!$E$2:$G$5,3,1) -> 1 | S143: =IFERROR(VLOOKUP(A143,Devamsızlıklar!A:K,9,0),0) -> 1 | T143: =VLOOKUP(S143,Aralıklar!$I$2:$K$6,3,1) -> 50 | U143: =IFERROR(VLOOKUP(A143,Devamsızlıklar!A:K,11,0),0) -> 0 | V143: =VLOOKUP(U143,Aralıklar!$M$2:$O$6,3,1) -> 50 | W143: =IF(X143=0,0,(T143+V143)*R143*VLOOKUP($W$2,'Kriter Ağırlık'!$A$1:$B$8,2,1)*E143) -> 6.6666667 | X143: =IFERROR(VLOOKUP(A143,Devamsızlıklar!A:M,13,0),1) -> 0.7 | Y143: =(OEE!$K$6*VLOOKUP($Y$2,'Kriter Ağırlık'!$A$1:$B$8,2,1))*X143*E143 -> 16.333333 | Z143: =(TELEF!$I$10*VLOOKUP($Z$2,'Kriter Ağırlık'!$A$1:$B$8,2,1))*X143*E143 -> 7 | AA143: =J143+L143+N143+P143+W143+Y143+Z143 -> 38.733333 | AB143: 5 | AC143: =VLOOKUP(AB143,'Kriter Ağırlık'!$A$12:$C$17,3,0) -> 18.5 | AD143: 3 | AE143: =VLOOKUP(AD143,'Kriter Ağırlık'!$E$12:$G$24,3,0) -> 1.15 | AF143: =AA143*AC143*AE143 -> 824.05167 | AG143: =VLOOKUP(A143,'Çalışan Listesi'!A:G,6,0) -> TAKIM LİDERİ
A144: 3807 | B144: HASAN TUFAN GÖÇTÜ | C144: 42506 | D144: =IF($AI$2-C144>=90,90,$AI$2-C144) -> 90 | E144: =D144/90 -> 1 | F144: MEKANİK | G144: Mekanik Bakım Operatörü | H144: =VLOOKUP(A144,'Çalışan Listesi'!A:G,7,0) -> 2.KADEME | I144: =IFERROR(VLOOKUP(A144,'Kaizen Listesi'!A:H,8,0),0) -> 0 | J144: =I144*VLOOKUP($I$2,'Kriter Ağırlık'!$A$1:$B$8,2,0) -> 0 | K144: =IFERROR(VLOOKUP(A144,'Hata Kartı '!A:H,8,0),0) -> 33.333333 | L144: =K144*(VLOOKUP($K$2,'Kriter Ağırlık'!$A$1:$B$8,2,0)) -> 3.3333333 | M144: =IFERROR(VLOOKUP(F144,'5S'!$B$8:$E$19,4,0),0) -> 1 | N144: =VLOOKUP(M144,'5S'!$G$8:$I$14,3,1)*VLOOKUP($M$2,'Kriter Ağırlık'!$A$1:$B$8,2,0)*E144*X144 -> 7.5555556 | O144: =IFERROR(VLOOKUP(A144,Devamsızlıklar!A:K,10,0),0) -> 0 | P144: =VLOOKUP(O144,Aralıklar!$A$2:$C$5,3,1)*VLOOKUP($O$2,'Kriter Ağırlık'!$A$1:$B$8,2,0)*E144*X144 -> 9.4444444 | Q144: =IFERROR(VLOOKUP(A144,Devamsızlıklar!A:K,8,0),0) -> 0 | R144: =VLOOKUP(Q144,Aralıklar!$E$2:$G$5,3,1) -> 1 | S144: =IFERROR(VLOOKUP(A144,Devamsızlıklar!A:K,9,0),0) -> 5 | T144: =VLOOKUP(S144,Aralıklar!$I$2:$K$6,3,1) -> 25 | U144: =IFERROR(VLOOKUP(A144,Devamsızlıklar!A:K,11,0),0) -> 0 | V144: =VLOOKUP(U144,Aralıklar!$M$2:$O$6,3,1) -> 50 | W144: =IF(X144=0,0,(T144+V144)*R144*VLOOKUP($W$2,'Kriter Ağırlık'!$A$1:$B$8,2,1)*E144) -> 7.5 | X144: =IFERROR(VLOOKUP(A144,Devamsızlıklar!A:M,13,0),1) -> 0.94444444 | Y144: =(OEE!$K$6*VLOOKUP($Y$2,'Kriter Ağırlık'!$A$1:$B$8,2,1))*X144*E144 -> 33.055556 | Z144: =(TELEF!$I$10*VLOOKUP($Z$2,'Kriter Ağırlık'!$A$1:$B$8,2,1))*X144*E144 -> 14.166667 | AA144: =J144+L144+N144+P144+W144+Y144+Z144 -> 75.055556 | AB144: 5 | AC144: =VLOOKUP(AB144,'Kriter Ağırlık'!$A$12:$C$17,3,0) -> 18.5 | AD144: 11 | AE144: =VLOOKUP(AD144,'Kriter Ağırlık'!$E$12:$G$24,3,0) -> 1.157 | AF144: =AA144*AC144*AE144 -> 1606.5266 | AG144: =VLOOKUP(A144,'Çalışan Listesi'!A:G,6,0) -> TEKNİSYEN
A145: 3808 | B145: OSMAN YILDIRIM | C145: 42506 | D145: =IF($AI$2-C145>=90,90,$AI$2-C145) -> 90 | E145: =D145/90 -> 1 | F145: MİX PAMUK | G145: Pamuk Hattı Operatörü | H145: =VLOOKUP(A145,'Çalışan Listesi'!A:G,7,0) -> 3.KADEME | I145: =IFERROR(VLOOKUP(A145,'Kaizen Listesi'!A:H,8,0),0) -> 0 | J145: =I145*VLOOKUP($I$2,'Kriter Ağırlık'!$A$1:$B$8,2,0) -> 0 | K145: =IFERROR(VLOOKUP(A145,'Hata Kartı '!A:H,8,0),0) -> 0 | L145: =K145*(VLOOKUP($K$2,'Kriter Ağırlık'!$A$1:$B$8,2,0)) -> 0 | M145: =IFERROR(VLOOKUP(F145,'5S'!$B$8:$E$19,4,0),0) -> 1 | N145: =VLOOKUP(M145,'5S'!$G$8:$I$14,3,1)*VLOOKUP($M$2,'Kriter Ağırlık'!$A$1:$B$8,2,0)*E145*X145 -> 8 | O145: =IFERROR(VLOOKUP(A145,Devamsızlıklar!A:K,10,0),0) -> 0 | P145: =VLOOKUP(O145,Aralıklar!$A$2:$C$5,3,1)*VLOOKUP($O$2,'Kriter Ağırlık'!$A$1:$B$8,2,0)*E145*X145 -> 10 | Q145: =IFERROR(VLOOKUP(A145,Devamsızlıklar!A:K,8,0),0) -> 0 | R145: =VLOOKUP(Q145,Aralıklar!$E$2:$G$5,3,1) -> 1 | S145: =IFERROR(VLOOKUP(A145,Devamsızlıklar!A:K,9,0),0) -> 0 | T145: =VLOOKUP(S145,Aralıklar!$I$2:$K$6,3,1) -> 50 | U145: =IFERROR(VLOOKUP(A145,Devamsızlıklar!A:K,11,0),0) -> 0 | V145: =VLOOKUP(U145,Aralıklar!$M$2:$O$6,3,1) -> 50 | W145: =IF(X145=0,0,(T145+V145)*R145*VLOOKUP($W$2,'Kriter Ağırlık'!$A$1:$B$8,2,1)*E145) -> 10 | X145: =IFERROR(VLOOKUP(A145,Devamsızlıklar!A:M,13,0),1) -> 1 | Y145: =(OEE!$K$6*VLOOKUP($Y$2,'Kriter Ağırlık'!$A$1:$B$8,2,1))*X145*E145 -> 35 | Z145: =(TELEF!$I$10*VLOOKUP($Z$2,'Kriter Ağırlık'!$A$1:$B$8,2,1))*X145*E145 -> 15 | AA145: =J145+L145+N145+P145+W145+Y145+Z145 -> 78 | AB145: 5 | AC145: =VLOOKUP(AB145,'Kriter Ağırlık'!$A$12:$C$17,3,0) -> 18.5 | AD145: 3 | AE145: =VLOOKUP(AD145,'Kriter Ağırlık'!$E$12:$G$24,3,0) -> 1.15 | AF145: =AA145*AC145*AE145 -> 1659.45 | AG145: =VLOOKUP(A145,'Çalışan Listesi'!A:G,6,0) -> OPERATÖR
A146: 3825 | B146: NURAN ÖZÇELİK | C146: 42541 | D146: =IF($AI$2-C146>=90,90,$AI$2-C146) -> 90 | E146: =D146/90 -> 1 | F146: RİNG BOBİN | G146: Ring Bobin Operatörü | H146: =VLOOKUP(A146,'Çalışan Listesi'!A:G,7,0) -> 2.KADEME | I146: =IFERROR(VLOOKUP(A146,'Kaizen Listesi'!A:H,8,0),0) -> 0 | J146: =I146*VLOOKUP($I$2,'Kriter Ağırlık'!$A$1:$B$8,2,0) -> 0 | K146: =IFERROR(VLOOKUP(A146,'Hata Kartı '!A:H,8,0),0) -> 16.666667 | L146: =K146*(VLOOKUP($K$2,'Kriter Ağırlık'!$A$1:$B$8,2,0)) -> 1.6666667 | M146: =IFERROR(VLOOKUP(F146,'5S'!$B$8:$E$19,4,0),0) -> 1 | N146: =VLOOKUP(M146,'5S'!$G$8:$I$14,3,1)*VLOOKUP($M$2,'Kriter Ağırlık'!$A$1:$B$8,2,0)*E146*X146 -> 7.9111111 | O146: =IFERROR(VLOOKUP(A146,Devamsızlıklar!A:K,10,0),0) -> 0 | P146: =VLOOKUP(O146,Aralıklar!$A$2:$C$5,3,1)*VLOOKUP($O$2,'Kriter Ağırlık'!$A$1:$B$8,2,0)*E146*X146 -> 9.8888889 | Q146: =IFERROR(VLOOKUP(A146,Devamsızlıklar!A:K,8,0),0) -> 0 | R146: =VLOOKUP(Q146,Aralıklar!$E$2:$G$5,3,1) -> 1 | S146: =IFERROR(VLOOKUP(A146,Devamsızlıklar!A:K,9,0),0) -> 1 | T146: =VLOOKUP(S146,Aralıklar!$I$2:$K$6,3,1) -> 50 | U146: =IFERROR(VLOOKUP(A146,Devamsızlıklar!A:K,11,0),0) -> 0 | V146: =VLOOKUP(U146,Aralıklar!$M$2:$O$6,3,1) -> 50 | W146: =IF(X146=0,0,(T146+V146)*R146*VLOOKUP($W$2,'Kriter Ağırlık'!$A$1:$B$8,2,1)*E146) -> 10 | X146: =IFERROR(VLOOKUP(A146,Devamsızlıklar!A:M,13,0),1) -> 0.98888889 | Y146: =(OEE!$K$6*VLOOKUP($Y$2,'Kriter Ağırlık'!$A$1:$B$8,2,1))*X146*E146 -> 34.611111 | Z146: =(TELEF!$I$10*VLOOKUP($Z$2,'Kriter Ağırlık'!$A$1:$B$8,2,1))*X146*E146 -> 14.833333 | AA146: =J146+L146+N146+P146+W146+Y146+Z146 -> 78.911111 | AB146: 5 | AC146: =VLOOKUP(AB146,'Kriter Ağırlık'!$A$12:$C$17,3,0) -> 18.5 | AD146: 4 | AE146: =VLOOKUP(AD146,'Kriter Ağırlık'!$E$12:$G$24,3,0) -> 1.077 | AF146: =AA146*AC146*AE146 -> 1572.2644 | AG146: =VLOOKUP(A146,'Çalışan Listesi'!A:G,6,0) -> OPERATÖR
A147: 3826 | B147: ZÜBEYDE KAYA | C147: 42548 | D147: =IF($AI$2-C147>=90,90,$AI$2-C147) -> 90 | E147: =D147/90 -> 1 | F147: TEMİZLİK | G147: Temizlik Elemanı | H147: =VLOOKUP(A147,'Çalışan Listesi'!A:G,7,0) -> 1.KADEME | I147: =IFERROR(VLOOKUP(A147,'Kaizen Listesi'!A:H,8,0),0) -> 0 | J147: =I147*VLOOKUP($I$2,'Kriter Ağırlık'!$A$1:$B$8,2,0) -> 0 | K147: =IFERROR(VLOOKUP(A147,'Hata Kartı '!A:H,8,0),0) -> 0 | L147: =K147*(VLOOKUP($K$2,'Kriter Ağırlık'!$A$1:$B$8,2,0)) -> 0 | M147: =IFERROR(VLOOKUP(F147,'5S'!$B$8:$E$19,4,0),0) -> 1 | N147: =VLOOKUP(M147,'5S'!$G$8:$I$14,3,1)*VLOOKUP($M$2,'Kriter Ağırlık'!$A$1:$B$8,2,0)*E147*X147 -> 7.7333333 | O147: =IFERROR(VLOOKUP(A147,Devamsızlıklar!A:K,10,0),0) -> 0 | P147: =VLOOKUP(O147,Aralıklar!$A$2:$C$5,3,1)*VLOOKUP($O$2,'Kriter Ağırlık'!$A$1:$B$8,2,0)*E147*X147 -> 9.6666667 | Q147: =IFERROR(VLOOKUP(A147,Devamsızlıklar!A:K,8,0),0) -> 0 | R147: =VLOOKUP(Q147,Aralıklar!$E$2:$G$5,3,1) -> 1 | S147: =IFERROR(VLOOKUP(A147,Devamsızlıklar!A:K,9,0),0) -> 3 | T147: =VLOOKUP(S147,Aralıklar!$I$2:$K$6,3,1) -> 50 | U147: =IFERROR(VLOOKUP(A147,Devamsızlıklar!A:K,11,0),0) -> 0 | V147: =VLOOKUP(U147,Aralıklar!$M$2:$O$6,3,1) -> 50 | W147: =IF(X147=0,0,(T147+V147)*R147*VLOOKUP($W$2,'Kriter Ağırlık'!$A$1:$B$8,2,1)*E147) -> 10 | X147: =IFERROR(VLOOKUP(A147,Devamsızlıklar!A:M,13,0),1) -> 0.96666667 | Y147: =(OEE!$K$6*VLOOKUP($Y$2,'Kriter Ağırlık'!$A$1:$B$8,2,1))*X147*E147 -> 33.833333 | Z147: =(TELEF!$I$10*VLOOKUP($Z$2,'Kriter Ağırlık'!$A$1:$B$8,2,1))*X147*E147 -> 14.5 | AA147: =J147+L147+N147+P147+W147+Y147+Z147 -> 75.733333 | AB147: 5 | AC147: =VLOOKUP(AB147,'Kriter Ağırlık'!$A$12:$C$17,3,0) -> 18.5 | AD147: 5 | AE147: 1.055 | AF147: =AA147*AC147*AE147 -> 1478.1253 | AG147: =VLOOKUP(A147,'Çalışan Listesi'!A:G,6,0) -> OPERATÖR
A148: 3830 | B148: FADİME YEŞİLYURT | C148: 42562 | D148: =IF($AI$2-C148>=90,90,$AI$2-C148) -> 90 | E148: =D148/90 -> 1 | F148: RİNG BOBİN | G148: Ring Bobin Operatörü | H148: =VLOOKUP(A148,'Çalışan Listesi'!A:G,7,0) -> 2.KADEME | I148: =IFERROR(VLOOKUP(A148,'Kaizen Listesi'!A:H,8,0),0) -> 0 | J148: =I148*VLOOKUP($I$2,'Kriter Ağırlık'!$A$1:$B$8,2,0) -> 0 | K148: =IFERROR(VLOOKUP(A148,'Hata Kartı '!A:H,8,0),0) -> 66.666667 | L148: =K148*(VLOOKUP($K$2,'Kriter Ağırlık'!$A$1:$B$8,2,0)) -> 6.6666667 | M148: =IFERROR(VLOOKUP(F148,'5S'!$B$8:$E$19,4,0),0) -> 1 | N148: =VLOOKUP(M148,'5S'!$G$8:$I$14,3,1)*VLOOKUP($M$2,'Kriter Ağırlık'!$A$1:$B$8,2,0)*E148*X148 -> 7.7333333 | O148: =IFERROR(VLOOKUP(A148,Devamsızlıklar!A:K,10,0),0) -> 0 | P148: =VLOOKUP(O148,Aralıklar!$A$2:$C$5,3,1)*VLOOKUP($O$2,'Kriter Ağırlık'!$A$1:$B$8,2,0)*E148*X148 -> 9.6666667 | Q148: =IFERROR(VLOOKUP(A148,Devamsızlıklar!A:K,8,0),0) -> 0 | R148: =VLOOKUP(Q148,Aralıklar!$E$2:$G$5,3,1) -> 1 | S148: =IFERROR(VLOOKUP(A148,Devamsızlıklar!A:K,9,0),0) -> 3 | T148: =VLOOKUP(S148,Aralıklar!$I$2:$K$6,3,1) -> 50 | U148: =IFERROR(VLOOKUP(A148,Devamsızlıklar!A:K,11,0),0) -> 0 | V148: =VLOOKUP(U148,Aralıklar!$M$2:$O$6,3,1) -> 50 | W148: =IF(X148=0,0,(T148+V148)*R148*VLOOKUP($W$2,'Kriter Ağırlık'!$A$1:$B$8,2,1)*E148) -> 10 | X148: =IFERROR(VLOOKUP(A148,Devamsızlıklar!A:M,13,0),1) -> 0.96666667 | Y148: =(OEE!$K$6*VLOOKUP($Y$2,'Kriter Ağırlık'!$A$1:$B$8,2,1))*X148*E148 -> 33.833333 | Z148: =(TELEF!$I$10*VLOOKUP($Z$2,'Kriter Ağırlık'!$A$1:$B$8,2,1))*X148*E148 -> 14.5 | AA148: =J148+L148+N148+P148+W148+Y148+Z148 -> 82.4 | AB148: 5 | AC148: =VLOOKUP(AB148,'Kriter Ağırlık'!$A$12:$C$17,3,0) -> 18.5 | AD148: 4 | AE148: =VLOOKUP(AD148,'Kriter Ağırlık'!$E$12:$G$24,3,0) -> 1.077 | AF148: =AA148*AC148*AE148 -> 1641.7788 | AG148: =VLOOKUP(A148,'Çalışan Listesi'!A:G,6,0) -> OPERATÖR
A149: 3844 | B149: HAKAN AYYILDIZ | C149: 42585 | D149: =IF($AI$2-C149>=90,90,$AI$2-C149) -> 90 | E149: =D149/90 -> 1 | F149: MEKANİK | G149: Mekanik Bakım Operatörü | H149: =VLOOKUP(A149,'Çalışan Listesi'!A:G,7,0) -> 2.KADEME | I149: =IFERROR(VLOOKUP(A149,'Kaizen Listesi'!A:H,8,0),0) -> 0 | J149: =I149*VLOOKUP($I$2,'Kriter Ağırlık'!$A$1:$B$8,2,0) -> 0 | K149: =IFERROR(VLOOKUP(A149,'Hata Kartı '!A:H,8,0),0) -> 16.666667 | L149: =K149*(VLOOKUP($K$2,'Kriter Ağırlık'!$A$1:$B$8,2,0)) -> 1.6666667 | M149: =IFERROR(VLOOKUP(F149,'5S'!$B$8:$E$19,4,0),0) -> 1 | N149: =VLOOKUP(M149,'5S'!$G$8:$I$14,3,1)*VLOOKUP($M$2,'Kriter Ağırlık'!$A$1:$B$8,2,0)*E149*X149 -> 6.7555556 | O149: =IFERROR(VLOOKUP(A149,Devamsızlıklar!A:K,10,0),0) -> 0 | P149: =VLOOKUP(O149,Aralıklar!$A$2:$C$5,3,1)*VLOOKUP($O$2,'Kriter Ağırlık'!$A$1:$B$8,2,0)*E149*X149 -> 8.4444444 | Q149: =IFERROR(VLOOKUP(A149,Devamsızlıklar!A:K,8,0),0) -> 0 | R149: =VLOOKUP(Q149,Aralıklar!$E$2:$G$5,3,1) -> 1 | S149: =IFERROR(VLOOKUP(A149,Devamsızlıklar!A:K,9,0),0) -> 1 | T149: =VLOOKUP(S149,Aralıklar!$I$2:$K$6,3,1) -> 50 | U149: =IFERROR(VLOOKUP(A149,Devamsızlıklar!A:K,11,0),0) -> 0 | V149: =VLOOKUP(U149,Aralıklar!$M$2:$O$6,3,1) -> 50 | W149: =IF(X149=0,0,(T149+V149)*R149*VLOOKUP($W$2,'Kriter Ağırlık'!$A$1:$B$8,2,1)*E149) -> 10 | X149: =IFERROR(VLOOKUP(A149,Devamsızlıklar!A:M,13,0),1) -> 0.84444444 | Y149: =(OEE!$K$6*VLOOKUP($Y$2,'Kriter Ağırlık'!$A$1:$B$8,2,1))*X149*E149 -> 29.555556 | Z149: =(TELEF!$I$10*VLOOKUP($Z$2,'Kriter Ağırlık'!$A$1:$B$8,2,1))*X149*E149 -> 12.666667 | AA149: =J149+L149+N149+P149+W149+Y149+Z149 -> 69.088889 | AB149: 5 | AC149: =VLOOKUP(AB149,'Kriter Ağırlık'!$A$12:$C$17,3,0) -> 18.5 | AD149: 11 | AE149: =VLOOKUP(AD149,'Kriter Ağırlık'!$E$12:$G$24,3,0) -> 1.157 | AF149: =AA149*AC149*AE149 -> 1478.8131 | AG149: =VLOOKUP(A149,'Çalışan Listesi'!A:G,6,0) -> TEKNİSYEN
A150: 3847 | B150: ALİ NAME | C150: 42597 | D150: =IF($AI$2-C150>=90,90,$AI$2-C150) -> 90 | E150: =D150/90 -> 1 | F150: KATLAMA BÜKÜM | G150: Katlama Büküm Operatörü | H150: =VLOOKUP(A150,'Çalışan Listesi'!A:G,7,0) -> 2.KADEME | I150: =IFERROR(VLOOKUP(A150,'Kaizen Listesi'!A:H,8,0),0) -> 0 | J150: =I150*VLOOKUP($I$2,'Kriter Ağırlık'!$A$1:$B$8,2,0) -> 0 | K150: =IFERROR(VLOOKUP(A150,'Hata Kartı '!A:H,8,0),0) -> 0 | L150: =K150*(VLOOKUP($K$2,'Kriter Ağırlık'!$A$1:$B$8,2,0)) -> 0 | M150: =IFERROR(VLOOKUP(F150,'5S'!$B$8:$E$19,4,0),0) -> 1 | N150: =VLOOKUP(M150,'5S'!$G$8:$I$14,3,1)*VLOOKUP($M$2,'Kriter Ağırlık'!$A$1:$B$8,2,0)*E150*X150 -> 8 | O150: =IFERROR(VLOOKUP(A150,Devamsızlıklar!A:K,10,0),0) -> 0 | P150: =VLOOKUP(O150,Aralıklar!$A$2:$C$5,3,1)*VLOOKUP($O$2,'Kriter Ağırlık'!$A$1:$B$8,2,0)*E150*X150 -> 10 | Q150: =IFERROR(VLOOKUP(A150,Devamsızlıklar!A:K,8,0),0) -> 0 | R150: =VLOOKUP(Q150,Aralıklar!$E$2:$G$5,3,1) -> 1 | S150: =IFERROR(VLOOKUP(A150,Devamsızlıklar!A:K,9,0),0) -> 0 | T150: =VLOOKUP(S150,Aralıklar!$I$2:$K$6,3,1) -> 50 | U150: =IFERROR(VLOOKUP(A150,Devamsızlıklar!A:K,11,0),0) -> 0 | V150: =VLOOKUP(U150,Aralıklar!$M$2:$O$6,3,1) -> 50 | W150: =IF(X150=0,0,(T150+V150)*R150*VLOOKUP($W$2,'Kriter Ağırlık'!$A$1:$B$8,2,1)*E150) -> 10 | X150: =IFERROR(VLOOKUP(A150,Devamsızlıklar!A:M,13,0),1) -> 1 | Y150: =(OEE!$K$6*VLOOKUP($Y$2,'Kriter Ağırlık'!$A$1:$B$8,2,1))*X150*E150 -> 35 | Z150: =(TELEF!$I$10*VLOOKUP($Z$2,'Kriter Ağırlık'!$A$1:$B$8,2,1))*X150*E150 -> 15 | AA150: =J150+L150+N150+P150+W150+Y150+Z150 -> 78 | AB150: 5 | AC150: =VLOOKUP(AB150,'Kriter Ağırlık'!$A$12:$C$17,3,0) -> 18.5 | AD150: 4 | AE150: =VLOOKUP(AD150,'Kriter Ağırlık'!$E$12:$G$24,3,0) -> 1.077 | AF150: =AA150*AC150*AE150 -> 1554.111 | AG150: =VLOOKUP(A150,'Çalışan Listesi'!A:G,6,0) -> OPERATÖR
A151: 3848 | B151: MAHMUT KURT | C151: 42604 | D151: =IF($AI$2-C151>=90,90,$AI$2-C151) -> 90 | E151: =D151/90 -> 1 | F151: OPENEND | G151: Opend End Operatörü | H151: =VLOOKUP(A151,'Çalışan Listesi'!A:G,7,0) -> 3.KADEME | I151: =IFERROR(VLOOKUP(A151,'Kaizen Listesi'!A:H,8,0),0) -> 0 | J151: =I151*VLOOKUP($I$2,'Kriter Ağırlık'!$A$1:$B$8,2,0) -> 0 | K151: =IFERROR(VLOOKUP(A151,'Hata Kartı '!A:H,8,0),0) -> 66.666667 | L151: =K151*(VLOOKUP($K$2,'Kriter Ağırlık'!$A$1:$B$8,2,0)) -> 6.6666667 | M151: =IFERROR(VLOOKUP(F151,'5S'!$B$8:$E$19,4,0),0) -> 1 | N151: =VLOOKUP(M151,'5S'!$G$8:$I$14,3,1)*VLOOKUP($M$2,'Kriter Ağırlık'!$A$1:$B$8,2,0)*E151*X151 -> 8 | O151: =IFERROR(VLOOKUP(A151,Devamsızlıklar!A:K,10,0),0) -> 0 | P151: =VLOOKUP(O151,Aralıklar!$A$2:$C$5,3,1)*VLOOKUP($O$2,'Kriter Ağırlık'!$A$1:$B$8,2,0)*E151*X151 -> 10 | Q151: =IFERROR(VLOOKUP(A151,Devamsızlıklar!A:K,8,0),0) -> 0 | R151: =VLOOKUP(Q151,Aralıklar!$E$2:$G$5,3,1) -> 1 | S151: =IFERROR(VLOOKUP(A151,Devamsızlıklar!A:K,9,0),0) -> 0 | T151: =VLOOKUP(S151,Aralıklar!$I$2:$K$6,3,1) -> 50 | U151: =IFERROR(VLOOKUP(A151,Devamsızlıklar!A:K,11,0),0) -> 0 | V151: =VLOOKUP(U151,Aralıklar!$M$2:$O$6,3,1) -> 50 | W151: =IF(X151=0,0,(T151+V151)*R151*VLOOKUP($W$2,'Kriter Ağırlık'!$A$1:$B$8,2,1)*E151) -> 10 | X151: =IFERROR(VLOOKUP(A151,Devamsızlıklar!A:M,13,0),1) -> 1 | Y151: =(OEE!$K$6*VLOOKUP($Y$2,'Kriter Ağırlık'!$A$1:$B$8,2,1))*X151*E151 -> 35 | Z151: =(TELEF!$I$10*VLOOKUP($Z$2,'Kriter Ağırlık'!$A$1:$B$8,2,1))*X151*E151 -> 15 | AA151: =J151+L151+N151+P151+W151+Y151+Z151 -> 84.666667 | AB151: 5 | AC151: =VLOOKUP(AB151,'Kriter Ağırlık'!$A$12:$C$17,3,0) -> 18.5 | AD151: 3 | AE151: =VLOOKUP(AD151,'Kriter Ağırlık'!$E$12:$G$24,3,0) -> 1.15 | AF151: =AA151*AC151*AE151 -> 1801.2833 | AG151: =VLOOKUP(A151,'Çalışan Listesi'!A:G,6,0) -> OPERATÖR
A152: 3850 | B152: HALİL ÖZCAN | C152: 42611 | D152: =IF($AI$2-C152>=90,90,$AI$2-C152) -> 90 | E152: =D152/90 -> 1 | F152: OPENEND | G152: Opend End Operatörü | H152: =VLOOKUP(A152,'Çalışan Listesi'!A:G,7,0) -> 3.KADEME | I152: =IFERROR(VLOOKUP(A152,'Kaizen Listesi'!A:H,8,0),0) -> 0 | J152: =I152*VLOOKUP($I$2,'Kriter Ağırlık'!$A$1:$B$8,2,0) -> 0 | K152: =IFERROR(VLOOKUP(A152,'Hata Kartı '!A:H,8,0),0) -> 0 | L152: =K152*(VLOOKUP($K$2,'Kriter Ağırlık'!$A$1:$B$8,2,0)) -> 0 | M152: =IFERROR(VLOOKUP(F152,'5S'!$B$8:$E$19,4,0),0) -> 1 | N152: =VLOOKUP(M152,'5S'!$G$8:$I$14,3,1)*VLOOKUP($M$2,'Kriter Ağırlık'!$A$1:$B$8,2,0)*E152*X152 -> 8 | O152: =IFERROR(VLOOKUP(A152,Devamsızlıklar!A:K,10,0),0) -> 0 | P152: =VLOOKUP(O152,Aralıklar!$A$2:$C$5,3,1)*VLOOKUP($O$2,'Kriter Ağırlık'!$A$1:$B$8,2,0)*E152*X152 -> 10 | Q152: =IFERROR(VLOOKUP(A152,Devamsızlıklar!A:K,8,0),0) -> 0 | R152: =VLOOKUP(Q152,Aralıklar!$E$2:$G$5,3,1) -> 1 | S152: =IFERROR(VLOOKUP(A152,Devamsızlıklar!A:K,9,0),0) -> 0 | T152: =VLOOKUP(S152,Aralıklar!$I$2:$K$6,3,1) -> 50 | U152: =IFERROR(VLOOKUP(A152,Devamsızlıklar!A:K,11,0),0) -> 0 | V152: =VLOOKUP(U152,Aralıklar!$M$2:$O$6,3,1) -> 50 | W152: =IF(X152=0,0,(T152+V152)*R152*VLOOKUP($W$2,'Kriter Ağırlık'!$A$1:$B$8,2,1)*E152) -> 10 | X152: =IFERROR(VLOOKUP(A152,Devamsızlıklar!A:M,13,0),1) -> 1 | Y152: =(OEE!$K$6*VLOOKUP($Y$2,'Kriter Ağırlık'!$A$1:$B$8,2,1))*X152*E152 -> 35 | Z152: =(TELEF!$I$10*VLOOKUP($Z$2,'Kriter Ağırlık'!$A$1:$B$8,2,1))*X152*E152 -> 15 | AA152: =J152+L152+N152+P152+W152+Y152+Z152 -> 78 | AB152: 5 | AC152: =VLOOKUP(AB152,'Kriter Ağırlık'!$A$12:$C$17,3,0) -> 18.5 | AD152: 3 | AE152: =VLOOKUP(AD152,'Kriter Ağırlık'!$E$12:$G$24,3,0) -> 1.15 | AF152: =AA152*AC152*AE152 -> 1659.45 | AG152: =VLOOKUP(A152,'Çalışan Listesi'!A:G,6,0) -> OPERATÖR
A153: 3864 | B153: ÜMMÜGÜLSÜM AKŞİT | C153: 42633 | D153: =IF($AI$2-C153>=90,90,$AI$2-C153) -> 90 | E153: =D153/90 -> 1 | F153: RİNG BOBİN | G153: Ring Bobin Operatörü | H153: =VLOOKUP(A153,'Çalışan Listesi'!A:G,7,0) -> 3.KADEME | I153: =IFERROR(VLOOKUP(A153,'Kaizen Listesi'!A:H,8,0),0) -> 0 | J153: =I153*VLOOKUP($I$2,'Kriter Ağırlık'!$A$1:$B$8,2,0) -> 0 | K153: =IFERROR(VLOOKUP(A153,'Hata Kartı '!A:H,8,0),0) -> 33.333333 | L153: =K153*(VLOOKUP($K$2,'Kriter Ağırlık'!$A$1:$B$8,2,0)) -> 3.3333333 | M153: =IFERROR(VLOOKUP(F153,'5S'!$B$8:$E$19,4,0),0) -> 1 | N153: =VLOOKUP(M153,'5S'!$G$8:$I$14,3,1)*VLOOKUP($M$2,'Kriter Ağırlık'!$A$1:$B$8,2,0)*E153*X153 -> 8 | O153: =IFERROR(VLOOKUP(A153,Devamsızlıklar!A:K,10,0),0) -> 0 | P153: =VLOOKUP(O153,Aralıklar!$A$2:$C$5,3,1)*VLOOKUP($O$2,'Kriter Ağırlık'!$A$1:$B$8,2,0)*E153*X153 -> 10 | Q153: =IFERROR(VLOOKUP(A153,Devamsızlıklar!A:K,8,0),0) -> 0 | R153: =VLOOKUP(Q153,Aralıklar!$E$2:$G$5,3,1) -> 1 | S153: =IFERROR(VLOOKUP(A153,Devamsızlıklar!A:K,9,0),0) -> 0 | T153: =VLOOKUP(S153,Aralıklar!$I$2:$K$6,3,1) -> 50 | U153: =IFERROR(VLOOKUP(A153,Devamsızlıklar!A:K,11,0),0) -> 0 | V153: =VLOOKUP(U153,Aralıklar!$M$2:$O$6,3,1) -> 50 | W153: =IF(X153=0,0,(T153+V153)*R153*VLOOKUP($W$2,'Kriter Ağırlık'!$A$1:$B$8,2,1)*E153) -> 10 | X153: =IFERROR(VLOOKUP(A153,Devamsızlıklar!A:M,13,0),1) -> 1 | Y153: =(OEE!$K$6*VLOOKUP($Y$2,'Kriter Ağırlık'!$A$1:$B$8,2,1))*X153*E153 -> 35 | Z153: =(TELEF!$I$10*VLOOKUP($Z$2,'Kriter Ağırlık'!$A$1:$B$8,2,1))*X153*E153 -> 15 | AA153: =J153+L153+N153+P153+W153+Y153+Z153 -> 81.333333 | AB153: 5 | AC153: =VLOOKUP(AB153,'Kriter Ağırlık'!$A$12:$C$17,3,0) -> 18.5 | AD153: 3 | AE153: =VLOOKUP(AD153,'Kriter Ağırlık'!$E$12:$G$24,3,0) -> 1.15 | AF153: =AA153*AC153*AE153 -> 1730.3667 | AG153: =VLOOKUP(A153,'Çalışan Listesi'!A:G,6,0) -> OPERATÖR
A154: 3868 | B154: SEVCAN SAYUR | C154: 42639 | D154: 60 | E154: =D154/90 -> 0.66666667 | F154: RİNG BOBİN | G154: Ring Bobin Takım Lideri Yardımcısı | H154: =VLOOKUP(A154,'Çalışan Listesi'!A:G,7,0) -> 3.KADEME | I154: =IFERROR(VLOOKUP(A154,'Kaizen Listesi'!A:H,8,0),0) -> 0 | J154: =I154*VLOOKUP($I$2,'Kriter Ağırlık'!$A$1:$B$8,2,0) -> 0 | K154: =IFERROR(VLOOKUP(A154,'Hata Kartı '!A:H,8,0),0) -> 75 | L154: =K154*(VLOOKUP($K$2,'Kriter Ağırlık'!$A$1:$B$8,2,0)) -> 7.5 | M154: =IFERROR(VLOOKUP(F154,'5S'!$B$8:$E$19,4,0),0) -> 1 | N154: =VLOOKUP(M154,'5S'!$G$8:$I$14,3,1)*VLOOKUP($M$2,'Kriter Ağırlık'!$A$1:$B$8,2,0)*E154*X154 -> 4.3555556 | O154: =IFERROR(VLOOKUP(A154,Devamsızlıklar!A:K,10,0),0) -> 0 | P154: =VLOOKUP(O154,Aralıklar!$A$2:$C$5,3,1)*VLOOKUP($O$2,'Kriter Ağırlık'!$A$1:$B$8,2,0)*E154*X154 -> 5.4444444 | Q154: =IFERROR(VLOOKUP(A154,Devamsızlıklar!A:K,8,0),0) -> 0 | R154: =VLOOKUP(Q154,Aralıklar!$E$2:$G$5,3,1) -> 1 | S154: =IFERROR(VLOOKUP(A154,Devamsızlıklar!A:K,9,0),0) -> 11 | T154: =VLOOKUP(S154,Aralıklar!$I$2:$K$6,3,1) -> 0 | U154: =IFERROR(VLOOKUP(A154,Devamsızlıklar!A:K,11,0),0) -> 0 | V154: =VLOOKUP(U154,Aralıklar!$M$2:$O$6,3,1) -> 50 | W154: =IF(X154=0,0,(T154+V154)*R154*VLOOKUP($W$2,'Kriter Ağırlık'!$A$1:$B$8,2,1)*E154) -> 3.3333333 | X154: =IFERROR(VLOOKUP(A154,Devamsızlıklar!A:M,13,0),1) -> 0.81666667 | Y154: =(OEE!$K$6*VLOOKUP($Y$2,'Kriter Ağırlık'!$A$1:$B$8,2,1))*X154*E154 -> 19.055556 | Z154: =(TELEF!$I$10*VLOOKUP($Z$2,'Kriter Ağırlık'!$A$1:$B$8,2,1))*X154*E154 -> 8.1666667 | AA154: =J154+L154+N154+P154+W154+Y154+Z154 -> 47.855556 | AB154: 5 | AC154: =VLOOKUP(AB154,'Kriter Ağırlık'!$A$12:$C$17,3,0) -> 18.5 | AD154: 3 | AE154: =VLOOKUP(AD154,'Kriter Ağırlık'!$E$12:$G$24,3,0) -> 1.15 | AF154: =AA154*AC154*AE154 -> 1018.1269 | AG154: =VLOOKUP(A154,'Çalışan Listesi'!A:G,6,0) -> TAKIM LİDERİ YARDIMCISI
A155: 3875 | B155: ZEYNEP DURCAN | C155: 42646 | D155: =IF($AI$2-C155>=90,90,$AI$2-C155) -> 90 | E155: =D155/90 -> 1 | F155: RİNG BOBİN | G155: Ring Bobin Operatörü | H155: =VLOOKUP(A155,'Çalışan Listesi'!A:G,7,0) -> 3.KADEME | I155: =IFERROR(VLOOKUP(A155,'Kaizen Listesi'!A:H,8,0),0) -> 0 | J155: =I155*VLOOKUP($I$2,'Kriter Ağırlık'!$A$1:$B$8,2,0) -> 0 | K155: =IFERROR(VLOOKUP(A155,'Hata Kartı '!A:H,8,0),0) -> 16.666667 | L155: =K155*(VLOOKUP($K$2,'Kriter Ağırlık'!$A$1:$B$8,2,0)) -> 1.6666667 | M155: =IFERROR(VLOOKUP(F155,'5S'!$B$8:$E$19,4,0),0) -> 1 | N155: =VLOOKUP(M155,'5S'!$G$8:$I$14,3,1)*VLOOKUP($M$2,'Kriter Ağırlık'!$A$1:$B$8,2,0)*E155*X155 -> 8 | O155: =IFERROR(VLOOKUP(A155,Devamsızlıklar!A:K,10,0),0) -> 0 | P155: =VLOOKUP(O155,Aralıklar!$A$2:$C$5,3,1)*VLOOKUP($O$2,'Kriter Ağırlık'!$A$1:$B$8,2,0)*E155*X155 -> 10 | Q155: =IFERROR(VLOOKUP(A155,Devamsızlıklar!A:K,8,0),0) -> 0 | R155: =VLOOKUP(Q155,Aralıklar!$E$2:$G$5,3,1) -> 1 | S155: =IFERROR(VLOOKUP(A155,Devamsızlıklar!A:K,9,0),0) -> 0 | T155: =VLOOKUP(S155,Aralıklar!$I$2:$K$6,3,1) -> 50 | U155: =IFERROR(VLOOKUP(A155,Devamsızlıklar!A:K,11,0),0) -> 0 | V155: =VLOOKUP(U155,Aralıklar!$M$2:$O$6,3,1) -> 50 | W155: =IF(X155=0,0,(T155+V155)*R155*VLOOKUP($W$2,'Kriter Ağırlık'!$A$1:$B$8,2,1)*E155) -> 10 | X155: =IFERROR(VLOOKUP(A155,Devamsızlıklar!A:M,13,0),1) -> 1 | Y155: =(OEE!$K$6*VLOOKUP($Y$2,'Kriter Ağırlık'!$A$1:$B$8,2,1))*X155*E155 -> 35 | Z155: =(TELEF!$I$10*VLOOKUP($Z$2,'Kriter Ağırlık'!$A$1:$B$8,2,1))*X155*E155 -> 15 | AA155: =J155+L155+N155+P155+W155+Y155+Z155 -> 79.666667 | AB155: 5 | AC155: =VLOOKUP(AB155,'Kriter Ağırlık'!$A$12:$C$17,3,0) -> 18.5 | AD155: 3 | AE155: =VLOOKUP(AD155,'Kriter Ağırlık'!$E$12:$G$24,3,0) -> 1.15 | AF155: =AA155*AC155*AE155 -> 1694.9083 | AG155: =VLOOKUP(A155,'Çalışan Listesi'!A:G,6,0) -> OPERATÖR
A156: 3878 | B156: İBRAHİM KURT | C156: 42653 | D156: =IF($AI$2-C156>=90,90,$AI$2-C156) -> 90 | E156: =D156/90 -> 1 | F156: KATLAMA BÜKÜM | G156: Katlama Büküm Operatörü | H156: =VLOOKUP(A156,'Çalışan Listesi'!A:G,7,0) -> 3.KADEME | I156: =IFERROR(VLOOKUP(A156,'Kaizen Listesi'!A:H,8,0),0) -> 0 | J156: =I156*VLOOKUP($I$2,'Kriter Ağırlık'!$A$1:$B$8,2,0) -> 0 | K156: =IFERROR(VLOOKUP(A156,'Hata Kartı '!A:H,8,0),0) -> 100 | L156: =K156*(VLOOKUP($K$2,'Kriter Ağırlık'!$A$1:$B$8,2,0)) -> 10 | M156: =IFERROR(VLOOKUP(F156,'5S'!$B$8:$E$19,4,0),0) -> 1 | N156: =VLOOKUP(M156,'5S'!$G$8:$I$14,3,1)*VLOOKUP($M$2,'Kriter Ağırlık'!$A$1:$B$8,2,0)*E156*X156 -> 7.9111111 | O156: =IFERROR(VLOOKUP(A156,Devamsızlıklar!A:K,10,0),0) -> 0 | P156: =VLOOKUP(O156,Aralıklar!$A$2:$C$5,3,1)*VLOOKUP($O$2,'Kriter Ağırlık'!$A$1:$B$8,2,0)*E156*X156 -> 9.8888889 | Q156: =IFERROR(VLOOKUP(A156,Devamsızlıklar!A:K,8,0),0) -> 0 | R156: =VLOOKUP(Q156,Aralıklar!$E$2:$G$5,3,1) -> 1 | S156: =IFERROR(VLOOKUP(A156,Devamsızlıklar!A:K,9,0),0) -> 0 | T156: =VLOOKUP(S156,Aralıklar!$I$2:$K$6,3,1) -> 50 | U156: =IFERROR(VLOOKUP(A156,Devamsızlıklar!A:K,11,0),0) -> 1 | V156: =VLOOKUP(U156,Aralıklar!$M$2:$O$6,3,1) -> 50 | W156: =IF(X156=0,0,(T156+V156)*R156*VLOOKUP($W$2,'Kriter Ağırlık'!$A$1:$B$8,2,1)*E156) -> 10 | X156: =IFERROR(VLOOKUP(A156,Devamsızlıklar!A:M,13,0),1) -> 0.98888889 | Y156: =(OEE!$K$6*VLOOKUP($Y$2,'Kriter Ağırlık'!$A$1:$B$8,2,1))*X156*E156 -> 34.611111 | Z156: =(TELEF!$I$10*VLOOKUP($Z$2,'Kriter Ağırlık'!$A$1:$B$8,2,1))*X156*E156 -> 14.833333 | AA156: =J156+L156+N156+P156+W156+Y156+Z156 -> 87.244444 | AB156: 5 | AC156: =VLOOKUP(AB156,'Kriter Ağırlık'!$A$12:$C$17,3,0) -> 18.5 | AD156: 3 | AE156: =VLOOKUP(AD156,'Kriter Ağırlık'!$E$12:$G$24,3,0) -> 1.15 | AF156: =AA156*AC156*AE156 -> 1856.1256 | AG156: =VLOOKUP(A156,'Çalışan Listesi'!A:G,6,0) -> OPERATÖR
A157: 3886 | B157: MAHSUM KOÇ | C157: 42667 | D157: =IF($AI$2-C157>=90,90,$AI$2-C157) -> 90 | E157: =D157/90 -> 1 | F157: İHSARAT | G157: İhsarat Operatörü | H157: =VLOOKUP(A157,'Çalışan Listesi'!A:G,7,0) -> 2.KADEME | I157: =IFERROR(VLOOKUP(A157,'Kaizen Listesi'!A:H,8,0),0) -> 0 | J157: =I157*VLOOKUP($I$2,'Kriter Ağırlık'!$A$1:$B$8,2,0) -> 0 | K157: =IFERROR(VLOOKUP(A157,'Hata Kartı '!A:H,8,0),0) -> 0 | L157: =K157*(VLOOKUP($K$2,'Kriter Ağırlık'!$A$1:$B$8,2,0)) -> 0 | M157: =IFERROR(VLOOKUP(F157,'5S'!$B$8:$E$19,4,0),0) -> 1 | N157: =VLOOKUP(M157,'5S'!$G$8:$I$14,3,1)*VLOOKUP($M$2,'Kriter Ağırlık'!$A$1:$B$8,2,0)*E157*X157 -> 7.4666667 | O157: =IFERROR(VLOOKUP(A157,Devamsızlıklar!A:K,10,0),0) -> 0 | P157: =VLOOKUP(O157,Aralıklar!$A$2:$C$5,3,1)*VLOOKUP($O$2,'Kriter Ağırlık'!$A$1:$B$8,2,0)*E157*X157 -> 9.3333333 | Q157: =IFERROR(VLOOKUP(A157,Devamsızlıklar!A:K,8,0),0) -> 0 | R157: =VLOOKUP(Q157,Aralıklar!$E$2:$G$5,3,1) -> 1 | S157: =IFERROR(VLOOKUP(A157,Devamsızlıklar!A:K,9,0),0) -> 0 | T157: =VLOOKUP(S157,Aralıklar!$I$2:$K$6,3,1) -> 50 | U157: =IFERROR(VLOOKUP(A157,Devamsızlıklar!A:K,11,0),0) -> 0 | V157: =VLOOKUP(U157,Aralıklar!$M$2:$O$6,3,1) -> 50 | W157: =IF(X157=0,0,(T157+V157)*R157*VLOOKUP($W$2,'Kriter Ağırlık'!$A$1:$B$8,2,1)*E157) -> 10 | X157: =IFERROR(VLOOKUP(A157,Devamsızlıklar!A:M,13,0),1) -> 0.93333333 | Y157: =(OEE!$K$6*VLOOKUP($Y$2,'Kriter Ağırlık'!$A$1:$B$8,2,1))*X157*E157 -> 32.666667 | Z157: =(TELEF!$I$10*VLOOKUP($Z$2,'Kriter Ağırlık'!$A$1:$B$8,2,1))*X157*E157 -> 14 | AA157: =J157+L157+N157+P157+W157+Y157+Z157 -> 73.466667 | AB157: 5 | AC157: =VLOOKUP(AB157,'Kriter Ağırlık'!$A$12:$C$17,3,0) -> 18.5 | AD157: 4 | AE157: =VLOOKUP(AD157,'Kriter Ağırlık'!$E$12:$G$24,3,0) -> 1.077 | AF157: =AA157*AC157*AE157 -> 1463.7866 | AG157: =VLOOKUP(A157,'Çalışan Listesi'!A:G,6,0) -> OPERATÖR
